ym,revenue,n_orders,def_id,anchor,source,freight,voucher,status,aov
2018-06,1022901.3099999952,6167,purchase|items|incl|all,purchase,items,incl,n/a,all,165.866922328522
2017-02,286280.61999999965,1780,purchase|items|incl|all,purchase,items,incl,n/a,all,160.83180898876384
2018-07,1058761.2900000012,6292,purchase|items|incl|all,purchase,items,incl,n/a,all,168.27102511125258
2018-04,1160084.0700000005,6939,purchase|items|incl|all,purchase,items,incl,n/a,all,167.18317769131005
2018-01,1107857.1500000057,7269,purchase|items|incl|all,purchase,items,incl,n/a,all,152.40846746457638
2018-05,1150253.4199999934,6873,purchase|items|incl|all,purchase,items,incl,n/a,all,167.3582744070993
2017-12,864320.1499999999,5673,purchase|items|incl|all,purchase,items,incl,n/a,all,152.35680416005638
2017-04,412422.2399999999,2404,purchase|items|incl|all,purchase,items,incl,n/a,all,171.55667221297833
2018-08,1003374.9899999991,6512,purchase|items|incl|all,purchase,items,incl,n/a,all,154.08092598280084
2017-03,432048.5899999999,2682,purchase|items|incl|all,purchase,items,incl,n/a,all,161.09194258016402
2018-03,1155255.2799999956,7211,purchase|items|incl|all,purchase,items,incl,n/a,all,160.20736097628563
2017-01,137188.48999999982,800,purchase|items|incl|all,purchase,items,incl,n/a,all,171.48561249999977
2016-10,56808.83999999995,324,purchase|items|incl|all,purchase,items,incl,n/a,all,175.33592592592578
2016-09,354.75,4,purchase|items|incl|all,purchase,items,incl,n/a,all,88.6875
2016-12,19.62,1,purchase|items|incl|all,purchase,items,incl,n/a,all,19.62
2017-09,720398.9099999992,4285,purchase|items|incl|all,purchase,items,incl,n/a,all,168.121099183197
2017-11,1180339.1000000017,7544,purchase|items|incl|all,purchase,items,incl,n/a,all,156.46064422057287
2018-02,987577.4000000012,6728,purchase|items|incl|all,purchase,items,incl,n/a,all,146.78617717003584
2017-08,668287.3600000023,4331,purchase|items|incl|all,purchase,items,incl,n/a,all,154.303246363427
2017-10,769417.4900000009,4631,purchase|items|incl|all,purchase,items,incl,n/a,all,166.14499892031978
2017-07,584971.6200000028,4026,purchase|items|incl|all,purchase,items,incl,n/a,all,145.298464977646
2017-06,502963.0400000025,3245,purchase|items|incl|all,purchase,items,incl,n/a,all,154.99631432973882
2017-05,586190.9500000034,3700,purchase|items|incl|all,purchase,items,incl,n/a,all,158.42998648648742
2018-09,166.46,16,purchase|items|incl|all,purchase,items,incl,n/a,all,10.40375
2018-10,0.0,4,purchase|items|incl|all,purchase,items,incl,n/a,all,0.0
2018-06,865124.3100000183,6167,purchase|items|excl|all,purchase,items,excl,n/a,all,140.28284579212232
2017-02,247303.0199999968,1780,purchase|items|excl|all,purchase,items,excl,n/a,all,138.9342808988746
2018-07,895507.2200000187,6292,purchase|items|excl|all,purchase,items,excl,n/a,all,142.32473299428142
2018-04,996647.7500000267,6939,purchase|items|excl|all,purchase,items,excl,n/a,all,143.62988182735648
2018-01,950030.3600000306,7269,purchase|items|excl|all,purchase,items,excl,n/a,all,130.69615628009777
2018-05,996517.6800000252,6873,purchase|items|excl|all,purchase,items,excl,n/a,all,144.99020515059294
2017-12,743914.170000015,5673,purchase|items|excl|all,purchase,items,excl,n/a,all,131.1324114225304
2017-04,359927.22999999986,2404,purchase|items|excl|all,purchase,items,excl,n/a,all,149.72014559068214
2018-08,854686.3300000223,6512,purchase|items|excl|all,purchase,items,excl,n/a,all,131.24790079852923
2017-03,374344.30000000016,2682,purchase|items|excl|all,purchase,items,excl,n/a,all,139.57654735272192
2018-03,983213.4400000254,7211,purchase|items|excl|all,purchase,items,excl,n/a,all,136.34911108029752
2017-01,120312.86999999975,800,purchase|items|excl|all,purchase,items,excl,n/a,all,150.39108749999968
2016-10,49507.660000000105,324,purchase|items|excl|all,purchase,items,excl,n/a,all,152.80141975308675
2016-09,267.36,4,purchase|items|excl|all,purchase,items,excl,n/a,all,66.84
2016-12,10.9,1,purchase|items|excl|all,purchase,items,excl,n/a,all,10.9
2017-09,624401.6900000122,4285,purchase|items|excl|all,purchase,items,excl,n/a,all,145.71801400233656
2017-11,1010271.3700000285,7544,purchase|items|excl|all,purchase,items,excl,n/a,all,133.91720174973867
2018-02,844178.7100000277,6728,purchase|items|excl|all,purchase,items,excl,n/a,all,125.47245986920744
2017-08,573971.6800000108,4331,purchase|items|excl|all,purchase,items,excl,n/a,all,132.5263634264629
2017-10,664219.4300000115,4631,purchase|items|excl|all,purchase,items,excl,n/a,all,143.42894191319616
2017-07,498031.4800000066,4026,purchase|items|excl|all,purchase,items,excl,n/a,all,123.70379533035435
2017-06,433038.6000000036,3245,purchase|items|excl|all,purchase,items,excl,n/a,all,133.44795069337553
2017-05,506071.1400000069,3700,purchase|items|excl|all,purchase,items,excl,n/a,all,136.77598378378565
2018-09,145.0,16,purchase|items|excl|all,purchase,items,excl,n/a,all,9.0625
2018-10,0.0,4,purchase|items|excl|all,purchase,items,excl,n/a,all,0.0
2018-06,1023880.4999999956,6167,purchase|payments|incl|all,purchase,payments,n/a,incl,all,166.0257013134418
2017-02,291908.0099999999,1780,purchase|payments|incl|all,purchase,payments,n/a,incl,all,163.99326404494377
2018-07,1066540.7500000014,6292,purchase|payments|incl|all,purchase,payments,n/a,incl,all,169.50743006993028
2018-04,1160785.4800000007,6939,purchase|payments|incl|all,purchase,payments,n/a,incl,all,167.28425997982427
2018-01,1115004.1800000067,7269,purchase|payments|incl|all,purchase,payments,n/a,incl,all,153.39168799009585
2018-05,1153982.1499999939,6873,purchase|payments|incl|all,purchase,payments,n/a,incl,all,167.9007929579505
2017-12,878401.4799999995,5673,purchase|payments|incl|all,purchase,payments,n/a,incl,all,154.83897056231262
2017-04,417788.02999999985,2404,purchase|payments|incl|all,purchase,payments,n/a,incl,all,173.78869800332774
2018-08,1022425.3199999988,6512,purchase|payments|incl|all,purchase,payments,n/a,incl,all,157.00634520884503
2017-03,449863.60000000027,2682,purchase|payments|incl|all,purchase,payments,n/a,incl,all,167.73437733035058
2018-03,1159652.1199999952,7211,purchase|payments|incl|all,purchase,payments,n/a,incl,all,160.8171016502559
2017-01,138488.03999999975,800,purchase|payments|incl|all,purchase,payments,n/a,incl,all,173.1100499999997
2016-10,59090.479999999945,324,purchase|payments|incl|all,purchase,payments,n/a,incl,all,182.37802469135787
2016-09,252.24,4,purchase|payments|incl|all,purchase,payments,n/a,incl,all,63.06
2016-12,19.62,1,purchase|payments|incl|all,purchase,payments,n/a,incl,all,19.62
2017-09,727762.4499999993,4285,purchase|payments|incl|all,purchase,payments,n/a,incl,all,169.83954492415384
2017-11,1194882.8000000026,7544,purchase|payments|incl|all,purchase,payments,n/a,incl,all,158.3884941675507
2018-02,992463.3400000014,6728,purchase|payments|incl|all,purchase,payments,n/a,incl,all,147.5123870392392
2017-08,674396.3200000025,4331,purchase|payments|incl|all,purchase,payments,n/a,incl,all,155.7137658739327
2017-10,779677.880000001,4631,purchase|payments|incl|all,purchase,payments,n/a,incl,all,168.36058734614576
2017-07,592382.9200000028,4026,purchase|payments|incl|all,purchase,payments,n/a,incl,all,147.13932439145626
2017-06,511276.38000000274,3245,purchase|payments|incl|all,purchase,payments,n/a,incl,all,157.55820647149545
2017-05,592918.8200000036,3700,purchase|payments|incl|all,purchase,payments,n/a,incl,all,160.2483297297307
2018-09,4439.540000000001,16,purchase|payments|incl|all,purchase,payments,n/a,incl,all,277.47125000000005
2018-10,589.6700000000001,4,purchase|payments|incl|all,purchase,payments,n/a,incl,all,147.41750000000002
2018-06,1000531.4599999955,6167,purchase|payments|excl|all,purchase,payments,n/a,excl,all,162.23957515809883
2017-02,285740.6199999997,1780,purchase|payments|excl|all,purchase,payments,n/a,excl,all,160.52843820224703
2018-07,1046581.9100000015,6292,purchase|payments|excl|all,purchase,payments,n/a,excl,all,166.3353321678324
2018-04,1138635.6199999996,6939,purchase|payments|excl|all,purchase,payments,n/a,excl,all,164.09217754719694
2018-01,1085268.5900000029,7269,purchase|payments|excl|all,purchase,payments,n/a,excl,all,149.30094786077905
2018-05,1132646.0199999935,6873,purchase|payments|excl|all,purchase,payments,n/a,excl,all,164.79645278626415
2017-12,855568.9799999996,5673,purchase|payments|excl|all,purchase,payments,n/a,excl,all,150.81420412480162
2017-04,406184.95999999973,2404,purchase|payments|excl|all,purchase,payments,n/a,excl,all,168.96212978369374
2018-08,987456.1199999992,6512,purchase|payments|excl|all,purchase,payments,n/a,excl,all,151.63638206388194
2017-03,440242.2700000002,2682,purchase|payments|excl|all,purchase,payments,n/a,excl,all,164.1470059656973
2018-03,1133683.229999995,7211,purchase|payments|excl|all,purchase,payments,n/a,excl,all,157.21581334072877
2017-01,134433.6399999998,800,purchase|payments|excl|all,purchase,payments,n/a,excl,all,168.04204999999976
2016-10,58211.409999999945,324,purchase|payments|excl|all,purchase,payments,n/a,excl,all,179.6648456790122
2016-09,252.24,4,purchase|payments|excl|all,purchase,payments,n/a,excl,all,63.06
2016-12,19.62,1,purchase|payments|excl|all,purchase,payments,n/a,excl,all,19.62
2017-09,710216.7499999993,4285,purchase|payments|excl|all,purchase,payments,n/a,excl,all,165.74486581096832
2017-11,1175317.1100000006,7544,purchase|payments|excl|all,purchase,payments,n/a,excl,all,155.79495095440092
2018-02,969385.2500000008,6728,purchase|payments|excl|all,purchase,payments,n/a,excl,all,144.08223097502986
2017-08,659022.340000003,4331,purchase|payments|excl|all,purchase,payments,n/a,excl,all,152.16401293003995
2017-10,760737.9100000014,4631,purchase|payments|excl|all,purchase,payments,n/a,excl,all,164.27076441373384
2017-07,574108.9800000025,4026,purchase|payments|excl|all,purchase,payments,n/a,excl,all,142.60034277198275
2017-06,498466.60000000254,3245,purchase|payments|excl|all,purchase,payments,n/a,excl,all,153.61066255778198
2017-05,576723.620000004,3700,purchase|payments|excl|all,purchase,payments,n/a,excl,all,155.87124864864973
2018-09,0.0,16,purchase|payments|excl|all,purchase,payments,n/a,excl,all,0.0
2018-10,0.0,4,purchase|payments|excl|all,purchase,payments,n/a,excl,all,0.0
2018-06,1020606.0999999954,6149,purchase|items|incl|ex_canceled,purchase,items,incl,n/a,ex_canceled,165.9791998698968
2017-02,283561.6899999996,1763,purchase|items|incl|ex_canceled,purchase,items,incl,n/a,ex_canceled,160.8404367555301
2018-07,1039816.8400000012,6251,purchase|items|incl|ex_canceled,purchase,items,incl,n/a,ex_canceled,166.34407934730464
2018-04,1156634.9200000006,6924,purchase|items|incl|ex_canceled,purchase,items,incl,n/a,ex_canceled,167.0472154823802
2018-01,1102475.2700000047,7235,purchase|items|incl|ex_canceled,purchase,items,incl,n/a,ex_canceled,152.38082515549476
2018-05,1146158.0599999926,6849,purchase|items|incl|ex_canceled,purchase,items,incl,n/a,ex_canceled,167.34677471163565
2017-12,862299.69,5662,purchase|items|incl|ex_canceled,purchase,items,incl,n/a,ex_canceled,152.29595372659836
2017-04,405848.6099999999,2386,purchase|items|incl|ex_canceled,purchase,items,incl,n/a,ex_canceled,170.09581307627826
2018-08,997040.0299999991,6428,purchase|items|incl|ex_canceled,purchase,items,incl,n/a,ex_canceled,155.10890323584306
2017-03,425617.96,2649,purchase|items|incl|ex_canceled,purchase,items,incl,n/a,ex_canceled,160.67118157795394
2018-03,1152785.4499999955,7185,purchase|items|incl|ex_canceled,purchase,items,incl,n/a,ex_canceled,160.4433472512172
2017-01,136943.45999999982,797,purchase|items|incl|ex_canceled,purchase,items,incl,n/a,ex_canceled,171.8236637390211
2016-10,53495.009999999966,300,purchase|items|incl|ex_canceled,purchase,items,incl,n/a,ex_canceled,178.31669999999988
2016-09,279.69000000000005,2,purchase|items|incl|ex_canceled,purchase,items,incl,n/a,ex_canceled,139.84500000000003
2016-12,19.62,1,purchase|items|incl|ex_canceled,purchase,items,incl,n/a,ex_canceled,19.62
2017-09,717102.719999999,4265,purchase|items|incl|ex_canceled,purchase,items,incl,n/a,ex_canceled,168.13662837045698
2017-11,1173387.0100000007,7507,purchase|items|incl|ex_canceled,purchase,items,incl,n/a,ex_canceled,156.30571599840158
2018-02,980154.6000000007,6655,purchase|items|incl|ex_canceled,purchase,items,incl,n/a,ex_canceled,147.28093163035322
2017-08,661986.2800000026,4304,purchase|items|incl|ex_canceled,purchase,items,incl,n/a,ex_canceled,153.80722118959167
2017-10,764861.1500000008,4605,purchase|items|incl|ex_canceled,purchase,items,incl,n/a,ex_canceled,166.09362649294263
2017-07,578753.7300000027,3998,purchase|items|incl|ex_canceled,purchase,items,incl,n/a,ex_canceled,144.76081290645388
2017-06,499652.2400000025,3229,purchase|items|incl|ex_canceled,purchase,items,incl,n/a,ex_canceled,154.73900278724142
2017-05,582710.8300000036,3671,purchase|items|incl|ex_canceled,purchase,items,incl,n/a,ex_canceled,158.73354126940984
2018-09,166.46,1,purchase|items|incl|ex_canceled,purchase,items,incl,n/a,ex_canceled,166.46
2018-06,863265.5300000184,6149,purchase|items|excl|ex_canceled,purchase,items,excl,n/a,ex_canceled,140.39120670027947
2017-02,244959.3499999968,1763,purchase|items|excl|ex_canceled,purchase,items,excl,n/a,ex_canceled,138.94461145774068
2018-07,878044.2700000183,6251,purchase|items|excl|ex_canceled,purchase,items,excl,n/a,ex_canceled,140.46460886258492
2018-04,993592.9800000265,6924,purchase|items|excl|ex_canceled,purchase,items,excl,n/a,ex_canceled,143.49985268631232
2018-01,945456.2900000301,7235,purchase|items|excl|ex_canceled,purchase,items,excl,n/a,ex_canceled,130.6781326883248
2018-05,992871.7500000251,6849,purchase|items|excl|ex_canceled,purchase,items,excl,n/a,ex_canceled,144.9659439334246
2017-12,742183.790000015,5662,purchase|items|excl|ex_canceled,purchase,items,excl,n/a,ex_canceled,131.08155951960703
2017-04,353842.9799999996,2386,purchase|items|excl|ex_canceled,purchase,items,excl,n/a,ex_canceled,148.2996563285832
2018-08,848860.100000022,6428,purchase|items|excl|ex_canceled,purchase,items,excl,n/a,ex_canceled,132.05664281269787
2017-03,368341.32,2649,purchase|items|excl|ex_canceled,purchase,items,excl,n/a,ex_canceled,139.0491959229898
2018-03,981051.0600000254,7185,purchase|items|excl|ex_canceled,purchase,items,excl,n/a,ex_canceled,136.5415532359117
2017-01,120098.26999999976,797,purchase|items|excl|ex_canceled,purchase,items,excl,n/a,ex_canceled,150.68791718946017
2016-10,46514.990000000114,300,purchase|items|excl|ex_canceled,purchase,items,excl,n/a,ex_canceled,155.04996666666705
2016-09,207.86,2,purchase|items|excl|ex_canceled,purchase,items,excl,n/a,ex_canceled,103.93
2016-12,10.9,1,purchase|items|excl|ex_canceled,purchase,items,excl,n/a,ex_canceled,10.9
2017-09,621415.9100000121,4265,purchase|items|excl|ex_canceled,purchase,items,excl,n/a,ex_canceled,145.70126846424668
2017-11,1003862.1400000281,7507,purchase|items|excl|ex_canceled,purchase,items,excl,n/a,ex_canceled,133.72347675503238
2018-02,837895.4300000272,6655,purchase|items|excl|ex_canceled,purchase,items,excl,n/a,ex_canceled,125.90464763336246
2017-08,568245.7900000104,4304,purchase|items|excl|ex_canceled,purchase,items,excl,n/a,ex_canceled,132.02736756505817
2017-10,660179.6200000114,4605,purchase|items|excl|ex_canceled,purchase,items,excl,n/a,ex_canceled,143.3614809989167
2017-07,492287.3000000061,3998,purchase|items|excl|ex_canceled,purchase,items,excl,n/a,ex_canceled,123.13339169584945
2017-06,429916.61000000354,3229,purchase|items|excl|ex_canceled,purchase,items,excl,n/a,ex_canceled,133.14233818519776
2017-05,503159.1900000066,3671,purchase|items|excl|ex_canceled,purchase,items,excl,n/a,ex_canceled,137.0632497956978
2018-09,145.0,1,purchase|items|excl|ex_canceled,purchase,items,excl,n/a,ex_canceled,145.0
2018-06,1021220.0199999955,6149,purchase|payments|incl|ex_canceled,purchase,payments,n/a,incl,ex_canceled,166.0790404943886
2017-02,289081.0099999998,1763,purchase|payments|incl|ex_canceled,purchase,payments,n/a,incl,ex_canceled,163.9710777084514
2018-07,1047422.7200000009,6251,purchase|payments|incl|ex_canceled,purchase,payments,n/a,incl,ex_canceled,167.56082546792527
2018-04,1157336.3300000008,6924,purchase|payments|incl|ex_canceled,purchase,payments,n/a,incl,ex_canceled,167.1485167533219
2018-01,1109464.0000000056,7235,purchase|payments|incl|ex_canceled,purchase,payments,n/a,incl,ex_canceled,153.3467864547347
2018-05,1149483.7699999935,6849,purchase|payments|incl|ex_canceled,purchase,payments,n/a,incl,ex_canceled,167.83235070813163
2017-12,874962.2299999997,5662,purchase|payments|incl|ex_canceled,purchase,payments,n/a,incl,ex_canceled,154.53236135641112
2017-04,409846.00999999995,2386,purchase|payments|incl|ex_canceled,purchase,payments,n/a,incl,ex_canceled,171.77116932103937
2018-08,998504.1499999989,6428,purchase|payments|incl|ex_canceled,purchase,payments,n/a,incl,ex_canceled,155.33667548226492
2017-03,442406.37000000017,2649,purchase|payments|incl|ex_canceled,purchase,payments,n/a,incl,ex_canceled,167.00882219705557
2018-03,1156243.7599999956,7185,purchase|payments|incl|ex_canceled,purchase,payments,n/a,incl,ex_canceled,160.9246708420314
2017-01,138119.75999999978,797,purchase|payments|incl|ex_canceled,purchase,payments,n/a,incl,ex_canceled,173.29957340025067
2016-10,53915.49999999998,300,purchase|payments|incl|ex_canceled,purchase,payments,n/a,incl,ex_canceled,179.71833333333325
2016-09,136.23,2,purchase|payments|incl|ex_canceled,purchase,payments,n/a,incl,ex_canceled,68.115
2016-12,19.62,1,purchase|payments|incl|ex_canceled,purchase,payments,n/a,incl,ex_canceled,19.62
2017-09,723781.2699999993,4265,purchase|payments|incl|ex_canceled,purchase,payments,n/a,incl,ex_canceled,169.7025252051581
2017-11,1187224.3600000024,7507,purchase|payments|incl|ex_canceled,purchase,payments,n/a,incl,ex_canceled,158.14897562275243
2018-02,984790.1900000008,6655,purchase|payments|incl|ex_canceled,purchase,payments,n/a,incl,ex_canceled,147.9774891059355
2017-08,667224.4700000029,4304,purchase|payments|incl|ex_canceled,purchase,payments,n/a,incl,ex_canceled,155.0242727695174
2017-10,773104.3500000008,4605,purchase|payments|incl|ex_canceled,purchase,payments,n/a,incl,ex_canceled,167.88368078175913
2017-07,585331.3600000029,3998,purchase|payments|incl|ex_canceled,purchase,payments,n/a,incl,ex_canceled,146.4060430215115
2017-06,507302.62000000273,3229,purchase|payments|incl|ex_canceled,purchase,payments,n/a,incl,ex_canceled,157.10827500774317
2017-05,588529.9600000036,3671,purchase|payments|incl|ex_canceled,purchase,payments,n/a,incl,ex_canceled,160.31870335058665
2018-09,166.46,1,purchase|payments|incl|ex_canceled,purchase,payments,n/a,incl,ex_canceled,166.46
2018-06,997870.9799999956,6149,purchase|payments|excl|ex_canceled,purchase,payments,n/a,excl,ex_canceled,162.28183119206304
2017-02,282913.6199999997,1763,purchase|payments|excl|ex_canceled,purchase,payments,n/a,excl,ex_canceled,160.47284174702196
2018-07,1027488.8800000013,6251,purchase|payments|excl|ex_canceled,purchase,payments,n/a,excl,ex_canceled,164.37192129259338
2018-04,1135557.2299999995,6924,purchase|payments|excl|ex_canceled,purchase,payments,n/a,excl,ex_canceled,164.00306614673593
2018-01,1079765.2900000028,7235,purchase|payments|excl|ex_canceled,purchase,payments,n/a,excl,ex_canceled,149.24191983414
2018-05,1128193.3299999943,6849,purchase|payments|excl|ex_canceled,purchase,payments,n/a,excl,ex_canceled,164.723803474959
2017-12,852129.7299999995,5662,purchase|payments|excl|ex_canceled,purchase,payments,n/a,excl,ex_canceled,150.49977569763325
2017-04,398242.9399999998,2386,purchase|payments|excl|ex_canceled,purchase,payments,n/a,excl,ex_canceled,166.90818943839054
2018-08,981166.499999999,6428,purchase|payments|excl|ex_canceled,purchase,payments,n/a,excl,ex_canceled,152.63946795270675
2017-03,432785.04000000027,2649,purchase|payments|excl|ex_canceled,purchase,payments,n/a,excl,ex_canceled,163.3767610419027
2018-03,1130377.259999995,7185,purchase|payments|excl|ex_canceled,purchase,payments,n/a,excl,ex_canceled,157.3246012526089
2017-01,134065.35999999978,797,purchase|payments|excl|ex_canceled,purchase,payments,n/a,excl,ex_canceled,168.21249686323688
2016-10,53098.41999999997,300,purchase|payments|excl|ex_canceled,purchase,payments,n/a,excl,ex_canceled,176.99473333333324
2016-09,136.23,2,purchase|payments|excl|ex_canceled,purchase,payments,n/a,excl,ex_canceled,68.115
2016-12,19.62,1,purchase|payments|excl|ex_canceled,purchase,payments,n/a,excl,ex_canceled,19.62
2017-09,706235.5699999995,4265,purchase|payments|excl|ex_canceled,purchase,payments,n/a,excl,ex_canceled,165.5886447831183
2017-11,1167737.910000001,7507,purchase|payments|excl|ex_canceled,purchase,payments,n/a,excl,ex_canceled,155.55320500865872
2018-02,963077.5200000005,6655,purchase|payments|excl|ex_canceled,purchase,payments,n/a,excl,ex_canceled,144.71487903831712
2017-08,652423.6900000031,4304,purchase|payments|excl|ex_canceled,purchase,payments,n/a,excl,ex_canceled,151.58542983271448
2017-10,754379.4900000013,4605,purchase|payments|excl|ex_canceled,purchase,payments,n/a,excl,ex_canceled,163.81747882736184
2017-07,567223.7600000025,3998,purchase|payments|excl|ex_canceled,purchase,payments,n/a,excl,ex_canceled,141.87687843922023
2017-06,494559.4600000026,3229,purchase|payments|excl|ex_canceled,purchase,payments,n/a,excl,ex_canceled,153.16180241560934
2017-05,572396.7400000037,3671,purchase|payments|excl|ex_canceled,purchase,payments,n/a,excl,ex_canceled,155.92392808499147
2018-09,0.0,1,purchase|payments|excl|ex_canceled,purchase,payments,n/a,excl,ex_canceled,0.0
2018-06,1020606.0999999954,6145,purchase|items|incl|ex_canceled_unavail,purchase,items,incl,n/a,ex_canceled_unavail,166.08724165988534
2017-02,283561.6899999996,1718,purchase|items|incl|ex_canceled_unavail,purchase,items,incl,n/a,ex_canceled_unavail,165.05337019790431
2018-07,1039816.8400000012,6233,purchase|items|incl|ex_canceled_unavail,purchase,items,incl,n/a,ex_canceled_unavail,166.8244569228303
2018-04,1156634.9200000006,6919,purchase|items|incl|ex_canceled_unavail,purchase,items,incl,n/a,ex_canceled_unavail,167.16793178204952
2018-01,1102475.2700000047,7187,purchase|items|incl|ex_canceled_unavail,purchase,items,incl,n/a,ex_canceled_unavail,153.39853485459923
2018-05,1146158.0599999926,6833,purchase|items|incl|ex_canceled_unavail,purchase,items,incl,n/a,ex_canceled_unavail,167.73863017708072
2017-12,862299.69,5620,purchase|items|incl|ex_canceled_unavail,purchase,items,incl,n/a,ex_canceled_unavail,153.43410854092525
2017-04,405848.6099999999,2377,purchase|items|incl|ex_canceled_unavail,purchase,items,incl,n/a,ex_canceled_unavail,170.73984434160704
2018-08,997040.0299999991,6421,purchase|items|incl|ex_canceled_unavail,purchase,items,incl,n/a,ex_canceled_unavail,155.277998754088
2017-03,425617.96,2617,purchase|items|incl|ex_canceled_unavail,purchase,items,incl,n/a,ex_canceled_unavail,162.63582728314864
2018-03,1152785.4499999955,7168,purchase|items|incl|ex_canceled_unavail,purchase,items,incl,n/a,ex_canceled_unavail,160.82386300223152
2017-01,136943.45999999982,787,purchase|items|incl|ex_canceled_unavail,purchase,items,incl,n/a,ex_canceled_unavail,174.00693773824628
2016-10,51354.51999999997,293,purchase|items|incl|ex_canceled_unavail,purchase,items,incl,n/a,ex_canceled_unavail,175.27139931740604
2016-09,279.69000000000005,2,purchase|items|incl|ex_canceled_unavail,purchase,items,incl,n/a,ex_canceled_unavail,139.84500000000003
2016-12,19.62,1,purchase|items|incl|ex_canceled_unavail,purchase,items,incl,n/a,ex_canceled_unavail,19.62
2017-09,717102.719999999,4227,purchase|items|incl|ex_canceled_unavail,purchase,items,incl,n/a,ex_canceled_unavail,169.64814762242702
2017-11,1173387.0100000007,7423,purchase|items|incl|ex_canceled_unavail,purchase,items,incl,n/a,ex_canceled_unavail,158.07449952849262
2018-02,980154.6000000007,6625,purchase|items|incl|ex_canceled_unavail,purchase,items,incl,n/a,ex_canceled_unavail,147.9478641509435
2017-08,661986.2800000026,4272,purchase|items|incl|ex_canceled_unavail,purchase,items,incl,n/a,ex_canceled_unavail,154.9593352059931
2017-10,764861.1500000008,4547,purchase|items|incl|ex_canceled_unavail,purchase,items,incl,n/a,ex_canceled_unavail,168.21226083131754
2017-07,578753.7300000027,3946,purchase|items|incl|ex_canceled_unavail,purchase,items,incl,n/a,ex_canceled_unavail,146.66845666497787
2017-06,499652.2400000025,3205,purchase|items|incl|ex_canceled_unavail,purchase,items,incl,n/a,ex_canceled_unavail,155.89773478939236
2017-05,582710.8300000036,3640,purchase|items|incl|ex_canceled_unavail,purchase,items,incl,n/a,ex_canceled_unavail,160.08539285714383
2018-09,166.46,1,purchase|items|incl|ex_canceled_unavail,purchase,items,incl,n/a,ex_canceled_unavail,166.46
2018-06,863265.5300000184,6145,purchase|items|excl|ex_canceled_unavail,purchase,items,excl,n/a,ex_canceled_unavail,140.4825923515083
2017-02,244959.3499999968,1718,purchase|items|excl|ex_canceled_unavail,purchase,items,excl,n/a,ex_canceled_unavail,142.58402211874088
2018-07,878044.2700000183,6233,purchase|items|excl|ex_canceled_unavail,purchase,items,excl,n/a,ex_canceled_unavail,140.8702502807666
2018-04,993592.9800000265,6919,purchase|items|excl|ex_canceled_unavail,purchase,items,excl,n/a,ex_canceled_unavail,143.60355253649755
2018-01,945456.2900000301,7187,purchase|items|excl|ex_canceled_unavail,purchase,items,excl,n/a,ex_canceled_unavail,131.55089606233895
2018-05,992871.7500000251,6833,purchase|items|excl|ex_canceled_unavail,purchase,items,excl,n/a,ex_canceled_unavail,145.30539294600104
2017-12,742183.790000015,5620,purchase|items|excl|ex_canceled_unavail,purchase,items,excl,n/a,ex_canceled_unavail,132.06117259786745
2017-04,353842.9799999996,2377,purchase|items|excl|ex_canceled_unavail,purchase,items,excl,n/a,ex_canceled_unavail,148.86116112747143
2018-08,848860.100000022,6421,purchase|items|excl|ex_canceled_unavail,purchase,items,excl,n/a,ex_canceled_unavail,132.20060738203114
2017-03,368341.32,2617,purchase|items|excl|ex_canceled_unavail,purchase,items,excl,n/a,ex_canceled_unavail,140.74945357279327
2018-03,981051.0600000254,7168,purchase|items|excl|ex_canceled_unavail,purchase,items,excl,n/a,ex_canceled_unavail,136.86538225446785
2017-01,120098.26999999976,787,purchase|items|excl|ex_canceled_unavail,purchase,items,excl,n/a,ex_canceled_unavail,152.60263024142282
2016-10,44507.300000000105,293,purchase|items|excl|ex_canceled_unavail,purchase,items,excl,n/a,ex_canceled_unavail,151.90204778157033
2016-09,207.86,2,purchase|items|excl|ex_canceled_unavail,purchase,items,excl,n/a,ex_canceled_unavail,103.93
2016-12,10.9,1,purchase|items|excl|ex_canceled_unavail,purchase,items,excl,n/a,ex_canceled_unavail,10.9
2017-09,621415.9100000121,4227,purchase|items|excl|ex_canceled_unavail,purchase,items,excl,n/a,ex_canceled_unavail,147.01109770523118
2017-11,1003862.1400000281,7423,purchase|items|excl|ex_canceled_unavail,purchase,items,excl,n/a,ex_canceled_unavail,135.23671561363707
2018-02,837895.4300000272,6625,purchase|items|excl|ex_canceled_unavail,purchase,items,excl,n/a,ex_canceled_unavail,126.47478188679655
2017-08,568245.7900000104,4272,purchase|items|excl|ex_canceled_unavail,purchase,items,excl,n/a,ex_canceled_unavail,133.01633661048933
2017-10,660179.6200000114,4547,purchase|items|excl|ex_canceled_unavail,purchase,items,excl,n/a,ex_canceled_unavail,145.19015174840806
2017-07,492287.3000000061,3946,purchase|items|excl|ex_canceled_unavail,purchase,items,excl,n/a,ex_canceled_unavail,124.75603142422861
2017-06,429916.61000000354,3205,purchase|items|excl|ex_canceled_unavail,purchase,items,excl,n/a,ex_canceled_unavail,134.13934789391686
2017-05,503159.1900000066,3640,purchase|items|excl|ex_canceled_unavail,purchase,items,excl,n/a,ex_canceled_unavail,138.2305467032985
2018-09,145.0,1,purchase|items|excl|ex_canceled_unavail,purchase,items,excl,n/a,ex_canceled_unavail,145.0
2018-06,1020494.2899999956,6145,purchase|payments|incl|ex_canceled_unavail,purchase,payments,n/a,incl,ex_canceled_unavail,166.06904637916935
2017-02,283621.9399999996,1718,purchase|payments|incl|ex_canceled_unavail,purchase,payments,n/a,incl,ex_canceled_unavail,165.08844004656555
2018-07,1039880.1600000012,6233,purchase|payments|incl|ex_canceled_unavail,purchase,payments,n/a,incl,ex_canceled_unavail,166.8346157548534
2018-04,1156303.9100000006,6919,purchase|payments|incl|ex_canceled_unavail,purchase,payments,n/a,incl,ex_canceled_unavail,167.12009105362054
2018-01,1102639.410000005,7187,purchase|payments|incl|ex_canceled_unavail,purchase,payments,n/a,incl,ex_canceled_unavail,153.42137331292682
2018-05,1145748.6299999927,6833,purchase|payments|incl|ex_canceled_unavail,purchase,payments,n/a,incl,ex_canceled_unavail,167.67871066881204
2017-12,861914.4599999995,5620,purchase|payments|incl|ex_canceled_unavail,purchase,payments,n/a,incl,ex_canceled_unavail,153.36556227757998
2017-04,405988.3799999999,2377,purchase|payments|incl|ex_canceled_unavail,purchase,payments,n/a,incl,ex_canceled_unavail,170.79864535128308
2018-08,996896.149999999,6421,purchase|payments|incl|ex_canceled_unavail,purchase,payments,n/a,incl,ex_canceled_unavail,155.2555910294345
2017-03,425656.4000000001,2617,purchase|payments|incl|ex_canceled_unavail,purchase,payments,n/a,incl,ex_canceled_unavail,162.65051585785253
2018-03,1152736.7399999958,7168,purchase|payments|incl|ex_canceled_unavail,purchase,payments,n/a,incl,ex_canceled_unavail,160.81706752232085
2017-01,137006.75999999983,787,purchase|payments|incl|ex_canceled_unavail,purchase,payments,n/a,incl,ex_canceled_unavail,174.08736975857667
2016-10,51657.52999999998,293,purchase|payments|incl|ex_canceled_unavail,purchase,payments,n/a,incl,ex_canceled_unavail,176.30556313993165
2016-09,136.23,2,purchase|payments|incl|ex_canceled_unavail,purchase,payments,n/a,incl,ex_canceled_unavail,68.115
2016-12,19.62,1,purchase|payments|incl|ex_canceled_unavail,purchase,payments,n/a,incl,ex_canceled_unavail,19.62
2017-09,717195.2199999992,4227,purchase|payments|incl|ex_canceled_unavail,purchase,payments,n/a,incl,ex_canceled_unavail,169.67003075467215
2017-11,1172639.230000001,7423,purchase|payments|incl|ex_canceled_unavail,purchase,payments,n/a,incl,ex_canceled_unavail,157.97376128250045
2018-02,979966.2300000004,6625,purchase|payments|incl|ex_canceled_unavail,purchase,payments,n/a,incl,ex_canceled_unavail,147.9194309433963
2017-08,662071.7700000027,4272,purchase|payments|incl|ex_canceled_unavail,purchase,payments,n/a,incl,ex_canceled_unavail,154.97934691011298
2017-10,764785.2800000007,4547,purchase|payments|incl|ex_canceled_unavail,purchase,payments,n/a,incl,ex_canceled_unavail,168.19557510446464
2017-07,578858.5800000026,3946,purchase|payments|incl|ex_canceled_unavail,purchase,payments,n/a,incl,ex_canceled_unavail,146.69502787633112
2017-06,499827.47000000253,3205,purchase|payments|incl|ex_canceled_unavail,purchase,payments,n/a,incl,ex_canceled_unavail,155.95240873635024
2017-05,582926.1600000038,3640,purchase|payments|incl|ex_canceled_unavail,purchase,payments,n/a,incl,ex_canceled_unavail,160.14454945055047
2018-09,166.46,1,purchase|payments|incl|ex_canceled_unavail,purchase,payments,n/a,incl,ex_canceled_unavail,166.46
2018-06,997145.2499999956,6145,purchase|payments|excl|ex_canceled_unavail,purchase,payments,n/a,excl,ex_canceled_unavail,162.26936533767218
2017-02,278087.5899999997,1718,purchase|payments|excl|ex_canceled_unavail,purchase,payments,n/a,excl,ex_canceled_unavail,161.86704889406266
2018-07,1019946.3200000009,6233,purchase|payments|excl|ex_canceled_unavail,purchase,payments,n/a,excl,ex_canceled_unavail,163.63650248676413
2018-04,1134524.8099999994,6919,purchase|payments|excl|ex_canceled_unavail,purchase,payments,n/a,excl,ex_canceled_unavail,163.972367394132
2018-01,1073059.690000002,7187,purchase|payments|excl|ex_canceled_unavail,purchase,payments,n/a,excl,ex_canceled_unavail,149.3056476972314
2018-05,1124458.1899999944,6833,purchase|payments|excl|ex_canceled_unavail,purchase,payments,n/a,excl,ex_canceled_unavail,164.5628845309519
2017-12,840340.3899999999,5620,purchase|payments|excl|ex_canceled_unavail,purchase,payments,n/a,excl,ex_canceled_unavail,149.52675978647684
2017-04,394409.8199999999,2377,purchase|payments|excl|ex_canceled_unavail,purchase,payments,n/a,excl,ex_canceled_unavail,165.92756415649976
2018-08,979558.4999999988,6421,purchase|payments|excl|ex_canceled_unavail,purchase,payments,n/a,excl,ex_canceled_unavail,152.5554430774021
2017-03,416035.07,2617,purchase|payments|excl|ex_canceled_unavail,purchase,payments,n/a,excl,ex_canceled_unavail,158.9740427970959
2018-03,1126870.2399999953,7168,purchase|payments|excl|ex_canceled_unavail,purchase,payments,n/a,excl,ex_canceled_unavail,157.2084598214279
2017-01,132983.47999999984,787,purchase|payments|excl|ex_canceled_unavail,purchase,payments,n/a,excl,ex_canceled_unavail,168.9751969504445
2016-10,50840.449999999975,293,purchase|payments|excl|ex_canceled_unavail,purchase,payments,n/a,excl,ex_canceled_unavail,173.51689419795213
2016-09,136.23,2,purchase|payments|excl|ex_canceled_unavail,purchase,payments,n/a,excl,ex_canceled_unavail,68.115
2016-12,19.62,1,purchase|payments|excl|ex_canceled_unavail,purchase,payments,n/a,excl,ex_canceled_unavail,19.62
2017-09,699755.0399999993,4227,purchase|payments|excl|ex_canceled_unavail,purchase,payments,n/a,excl,ex_canceled_unavail,165.5441305890701
2017-11,1153526.0100000019,7423,purchase|payments|excl|ex_canceled_unavail,purchase,payments,n/a,excl,ex_canceled_unavail,155.39889667250463
2018-02,958253.5600000002,6625,purchase|payments|excl|ex_canceled_unavail,purchase,payments,n/a,excl,ex_canceled_unavail,144.64204679245285
2017-08,647408.000000003,4272,purchase|payments|excl|ex_canceled_unavail,purchase,payments,n/a,excl,ex_canceled_unavail,151.54681647940146
2017-10,746493.9100000015,4547,purchase|payments|excl|ex_canceled_unavail,purchase,payments,n/a,excl,ex_canceled_unavail,164.17284143391282
2017-07,561533.1900000025,3946,purchase|payments|excl|ex_canceled_unavail,purchase,payments,n/a,excl,ex_canceled_unavail,142.30440699442536
2017-06,487084.3100000025,3205,purchase|payments|excl|ex_canceled_unavail,purchase,payments,n/a,excl,ex_canceled_unavail,151.9763837753518
2017-05,566792.9400000038,3640,purchase|payments|excl|ex_canceled_unavail,purchase,payments,n/a,excl,ex_canceled_unavail,155.7123461538472
2018-09,0.0,1,purchase|payments|excl|ex_canceled_unavail,purchase,payments,n/a,excl,ex_canceled_unavail,0.0
2018-06,1012202.4899999951,6099,purchase|items|incl|delivered_only,purchase,items,incl,n/a,delivered_only,165.96204131824808
2017-02,271239.31999999966,1653,purchase|items|incl|delivered_only,purchase,items,incl,n/a,delivered_only,164.08912280701733
2018-07,1027840.5400000009,6159,purchase|items|incl|delivered_only,purchase,items,incl,n/a,delivered_only,166.88432213021608
2018-04,1133264.9599999995,6798,purchase|items|incl|delivered_only,purchase,items,incl,n/a,delivered_only,166.7056428361282
2018-01,1078442.720000002,7069,purchase|items|incl|delivered_only,purchase,items,incl,n/a,delivered_only,152.55944546611997
2018-05,1129246.1199999931,6749,purchase|items|incl|delivered_only,purchase,items,incl,n/a,delivered_only,167.3205097051405
2017-12,843851.2100000001,5513,purchase|items|incl|delivered_only,purchase,items,incl,n/a,delivered_only,153.06570107019772
2017-04,390812.4000000002,2303,purchase|items|incl|delivered_only,purchase,items,incl,n/a,delivered_only,169.69709075119417
2018-08,985558.1599999995,6351,purchase|items|incl|delivered_only,purchase,items,incl,n/a,delivered_only,155.1815714060777
2017-03,414330.9499999999,2546,purchase|items|incl|delivered_only,purchase,items,incl,n/a,delivered_only,162.73800078554592
2018-03,1120726.6999999953,7003,purchase|items|incl|delivered_only,purchase,items,incl,n/a,delivered_only,160.03522775953095
2017-01,127482.3699999998,750,purchase|items|incl|delivered_only,purchase,items,incl,n/a,delivered_only,169.97649333333308
2016-10,46490.65999999996,265,purchase|items|incl|delivered_only,purchase,items,incl,n/a,delivered_only,175.43645283018853
2016-12,19.62,1,purchase|items|incl|delivered_only,purchase,items,incl,n/a,delivered_only,19.62
2016-09,143.46,1,purchase|items|incl|delivered_only,purchase,items,incl,n/a,delivered_only,143.46
2017-11,1154559.5300000014,7289,purchase|items|incl|delivered_only,purchase,items,incl,n/a,delivered_only,158.39752092193737
2018-02,966836.8499999997,6555,purchase|items|incl|delivered_only,purchase,items,incl,n/a,delivered_only,147.4960869565217
2017-09,701077.4899999994,4150,purchase|items|incl|delivered_only,purchase,items,incl,n/a,delivered_only,168.93433493975888
2017-08,645915.1200000031,4193,purchase|items|incl|delivered_only,purchase,items,incl,n/a,delivered_only,154.04605771524044
2017-10,751222.1300000006,4478,purchase|items|incl|delivered_only,purchase,items,incl,n/a,delivered_only,167.75840330504704
2017-07,566299.0800000028,3872,purchase|items|incl|delivered_only,purchase,items,incl,n/a,delivered_only,146.25492768595112
2017-06,490050.3700000025,3135,purchase|items|incl|delivered_only,purchase,items,incl,n/a,delivered_only,156.31590749601355
2017-05,566851.4000000037,3546,purchase|items|incl|delivered_only,purchase,items,incl,n/a,delivered_only,159.85657078398302
2018-06,856077.860000018,6099,purchase|items|excl|delivered_only,purchase,items,excl,n/a,delivered_only,140.363643220203
2017-02,234223.399999997,1653,purchase|items|excl|delivered_only,purchase,items,excl,n/a,delivered_only,141.69594676345855
2018-07,867953.4600000181,6159,purchase|items|excl|delivered_only,purchase,items,excl,n/a,delivered_only,140.92441305407016
2018-04,973534.0900000257,6798,purchase|items|excl|delivered_only,purchase,items,excl,n/a,delivered_only,143.2088982053583
2018-01,924645.000000029,7069,purchase|items|excl|delivered_only,purchase,items,excl,n/a,delivered_only,130.80280096195062
2018-05,977544.6900000249,6749,purchase|items|excl|delivered_only,purchase,items,excl,n/a,delivered_only,144.8428937620425
2017-12,726033.1900000143,5513,purchase|items|excl|delivered_only,purchase,items,excl,n/a,delivered_only,131.69475603120156
2017-04,340669.6799999986,2303,purchase|items|excl|delivered_only,purchase,items,excl,n/a,delivered_only,147.92430742509708
2018-08,838576.6400000216,6351,purchase|items|excl|delivered_only,purchase,items,excl,n/a,delivered_only,132.03851991812652
2017-03,359198.84999999957,2546,purchase|items|excl|delivered_only,purchase,items,excl,n/a,delivered_only,141.08360172820093
2018-03,953356.2500000246,7003,purchase|items|excl|delivered_only,purchase,items,excl,n/a,delivered_only,136.1354062544659
2017-01,111798.35999999977,750,purchase|items|excl|delivered_only,purchase,items,excl,n/a,delivered_only,149.0644799999997
2016-10,40325.1100000001,265,purchase|items|excl|delivered_only,purchase,items,excl,n/a,delivered_only,152.17022641509473
2016-12,10.9,1,purchase|items|excl|delivered_only,purchase,items,excl,n/a,delivered_only,10.9
2016-09,134.97,1,purchase|items|excl|delivered_only,purchase,items,excl,n/a,delivered_only,134.97
2017-11,987765.3700000272,7289,purchase|items|excl|delivered_only,purchase,items,excl,n/a,delivered_only,135.51452462615273
2018-02,826437.1300000263,6555,purchase|items|excl|delivered_only,purchase,items,excl,n/a,delivered_only,126.07736536995063
2017-09,607399.6700000115,4150,purchase|items|excl|delivered_only,purchase,items,excl,n/a,delivered_only,146.361366265063
2017-08,554699.700000009,4193,purchase|items|excl|delivered_only,purchase,items,excl,n/a,delivered_only,132.29184354877393
2017-10,648247.650000011,4478,purchase|items|excl|delivered_only,purchase,items,excl,n/a,delivered_only,144.7627623939283
2017-07,481604.52000000566,3872,purchase|items|excl|delivered_only,purchase,items,excl,n/a,delivered_only,124.38133264462957
2017-06,421923.3700000034,3135,purchase|items|excl|delivered_only,purchase,items,excl,n/a,delivered_only,134.58480701754493
2017-05,489338.25000000617,3546,purchase|items|excl|delivered_only,purchase,items,excl,n/a,delivered_only,137.99725042301358
2018-06,1012090.6799999953,6099,purchase|payments|incl|delivered_only,purchase,payments,n/a,incl,delivered_only,165.94370880472133
2017-02,271298.64999999973,1653,purchase|payments|incl|delivered_only,purchase,payments,n/a,incl,delivered_only,164.12501512401678
2018-07,1027903.8600000009,6159,purchase|payments|incl|delivered_only,purchase,payments,n/a,incl,delivered_only,166.89460301997093
2018-04,1132933.9499999995,6798,purchase|payments|incl|delivered_only,purchase,payments,n/a,incl,delivered_only,166.65695057369808
2018-01,1078606.8600000024,7069,purchase|payments|incl|delivered_only,purchase,payments,n/a,incl,delivered_only,152.58266515773127
2018-05,1128836.6899999932,6749,purchase|payments|incl|delivered_only,purchase,payments,n/a,incl,delivered_only,167.25984442139475
2017-12,843199.1699999995,5513,purchase|payments|incl|delivered_only,purchase,payments,n/a,incl,delivered_only,152.94742789769626
2017-04,390952.18000000017,2303,purchase|payments|incl|delivered_only,purchase,payments,n/a,incl,delivered_only,169.75778549717768
2018-08,985414.2799999993,6351,purchase|payments|incl|delivered_only,purchase,payments,n/a,incl,delivered_only,155.15891670603045
2017-03,414369.38999999996,2546,purchase|payments|incl|delivered_only,purchase,payments,n/a,incl,delivered_only,162.75309897879023
2018-03,1120677.9999999953,7003,purchase|payments|incl|delivered_only,purchase,payments,n/a,incl,delivered_only,160.02827359702917
2017-01,127545.66999999981,750,purchase|payments|incl|delivered_only,purchase,payments,n/a,incl,delivered_only,170.06089333333307
2016-10,46566.70999999996,265,purchase|payments|incl|delivered_only,purchase,payments,n/a,incl,delivered_only,175.723433962264
2016-12,19.62,1,purchase|payments|incl|delivered_only,purchase,payments,n/a,incl,delivered_only,19.62
2016-09,0.0,1,purchase|payments|incl|delivered_only,purchase,payments,n/a,incl,delivered_only,0.0
2017-11,1153528.050000002,7289,purchase|payments|incl|delivered_only,purchase,payments,n/a,incl,delivered_only,158.25600905474028
2018-02,966510.8799999998,6555,purchase|payments|incl|delivered_only,purchase,payments,n/a,incl,delivered_only,147.446358504958
2017-09,701169.9899999994,4150,purchase|payments|incl|delivered_only,purchase,payments,n/a,incl,delivered_only,168.9566240963854
2017-08,646000.6100000032,4193,purchase|payments|incl|delivered_only,purchase,payments,n/a,incl,delivered_only,154.06644645838378
2017-10,751140.2700000006,4478,purchase|payments|incl|delivered_only,purchase,payments,n/a,incl,delivered_only,167.74012282268885
2017-07,566403.9300000027,3872,purchase|payments|incl|delivered_only,purchase,payments,n/a,incl,delivered_only,146.28200671487673
2017-06,490225.6000000024,3135,purchase|payments|incl|delivered_only,purchase,payments,n/a,incl,delivered_only,156.37180223285563
2017-05,567066.7300000038,3546,purchase|payments|incl|delivered_only,purchase,payments,n/a,incl,delivered_only,159.91729554427633
2018-06,988935.819999996,6099,purchase|payments|excl|delivered_only,purchase,payments,n/a,excl,delivered_only,162.14720773897295
2017-02,266155.98999999964,1653,purchase|payments|excl|delivered_only,purchase,payments,n/a,excl,delivered_only,161.0139080459768
2018-07,1008163.850000001,6159,purchase|payments|excl|delivered_only,purchase,payments,n/a,excl,delivered_only,163.68953563890258
2018-04,1111254.8499999996,6798,purchase|payments|excl|delivered_only,purchase,payments,n/a,excl,delivered_only,163.4679096793174
2018-01,1050075.800000002,7069,purchase|payments|excl|delivered_only,purchase,payments,n/a,excl,delivered_only,148.54658367520184
2018-05,1108488.9899999958,6749,purchase|payments|excl|delivered_only,purchase,payments,n/a,excl,delivered_only,164.24492369239826
2017-12,822059.6399999999,5513,purchase|payments|excl|delivered_only,purchase,payments,n/a,excl,delivered_only,149.1129403228732
2017-04,380260.5200000001,2303,purchase|payments|excl|delivered_only,purchase,payments,n/a,excl,delivered_only,165.11529309596182
2018-08,968135.4899999992,6351,purchase|payments|excl|delivered_only,purchase,payments,n/a,excl,delivered_only,152.43827586206885
2017-03,404877.3599999999,2546,purchase|payments|excl|delivered_only,purchase,payments,n/a,excl,delivered_only,159.02488609583656
2018-03,1095489.3999999969,7003,purchase|payments|excl|delivered_only,purchase,payments,n/a,excl,delivered_only,156.4314436669994
2017-01,123522.3899999998,750,purchase|payments|excl|delivered_only,purchase,payments,n/a,excl,delivered_only,164.69651999999974
2016-10,45848.179999999964,265,purchase|payments|excl|delivered_only,purchase,payments,n/a,excl,delivered_only,173.01199999999986
2016-12,19.62,1,purchase|payments|excl|delivered_only,purchase,payments,n/a,excl,delivered_only,19.62
2016-09,0.0,1,purchase|payments|excl|delivered_only,purchase,payments,n/a,excl,delivered_only,0.0
2017-11,1134860.5900000015,7289,purchase|payments|excl|delivered_only,purchase,payments,n/a,excl,delivered_only,155.6949636438471
2018-02,944798.2099999994,6555,purchase|payments|excl|delivered_only,purchase,payments,n/a,excl,delivered_only,144.1339755911517
2017-09,683855.5899999994,4150,purchase|payments|excl|delivered_only,purchase,payments,n/a,excl,delivered_only,164.78447951807215
2017-08,631698.8600000031,4193,purchase|payments|excl|delivered_only,purchase,payments,n/a,excl,delivered_only,150.65558311471574
2017-10,732941.610000002,4478,purchase|payments|excl|delivered_only,purchase,payments,n/a,excl,delivered_only,163.67610763733853
2017-07,549374.3200000025,3872,purchase|payments|excl|delivered_only,purchase,payments,n/a,excl,delivered_only,141.88386363636428
2017-06,477626.8700000024,3135,purchase|payments|excl|delivered_only,purchase,payments,n/a,excl,delivered_only,152.35306858054304
2017-05,551004.6300000041,3546,purchase|payments|excl|delivered_only,purchase,payments,n/a,excl,delivered_only,155.38765651438356
2018-06,1027038.6599999956,6164,approved|items|incl|all,approved,items,incl,n/a,all,166.6188611291362
2017-02,286135.9199999995,1765,approved|items|incl|all,approved,items,incl,n/a,all,162.11666855524052
2018-07,1037306.0300000008,6176,approved|items|incl|all,approved,items,incl,n/a,all,167.95758257772033
2018-04,1136924.2799999996,6778,approved|items|incl|all,approved,items,incl,n/a,all,167.7374269696075
2018-01,1099162.9700000049,7187,approved|items|incl|all,approved,items,incl,n/a,all,152.93766105468274
2018-05,1176469.8499999926,7066,approved|items|incl|all,approved,items,incl,n/a,all,166.497289838663
2017-12,889512.21,5832,approved|items|incl|all,approved,items,incl,n/a,all,152.5226697530864
2018-08,1032210.4399999987,6620,approved|items|incl|all,approved,items,incl,n/a,all,155.92302719033214
2017-04,409570.8499999998,2374,approved|items|incl|all,approved,items,incl,n/a,all,172.5235256950294
2017-03,428557.47,2689,approved|items|incl|all,approved,items,incl,n/a,all,159.37429155820007
2018-03,1166597.2999999954,7288,approved|items|incl|all,approved,items,incl,n/a,all,160.0709796926448
2017-01,130840.54999999983,760,approved|items|incl|all,approved,items,incl,n/a,all,172.1586184210524
2016-10,57020.129999999954,320,approved|items|incl|all,approved,items,incl,n/a,all,178.18790624999986
2016-12,19.62,1,approved|items|incl|all,approved,items,incl,n/a,all,19.62
2016-09,143.46,1,approved|items|incl|all,approved,items,incl,n/a,all,143.46
2017-09,711298.2899999995,4301,approved|items|incl|all,approved,items,incl,n/a,all,165.37974657056486
2017-11,1161702.7200000004,7395,approved|items|incl|all,approved,items,incl,n/a,all,157.0929979716025
2018-02,979849.0100000019,6706,approved|items|incl|all,approved,items,incl,n/a,all,146.11527139874767
2017-08,667621.6000000023,4348,approved|items|incl|all,approved,items,incl,n/a,all,153.54682612695547
2017-10,774663.2300000004,4590,approved|items|incl|all,approved,items,incl,n/a,all,168.77194553376916
2017-07,578682.6700000025,3974,approved|items|incl|all,approved,items,incl,n/a,all,145.61717916457033
2017-06,507643.1900000028,3252,approved|items|incl|all,approved,items,incl,n/a,all,156.10184194342028
2017-05,587151.6300000034,3693,approved|items|incl|all,approved,items,incl,n/a,all,158.99042242079702
2018-09,166.46,1,approved|items|incl|all,approved,items,incl,n/a,all,166.46
2018-06,869520.2400000185,6164,approved|items|excl|all,approved,items,excl,n/a,all,141.0642829331633
2017-02,247441.0799999969,1765,approved|items|excl|all,approved,items,excl,n/a,all,140.19324645892175
2018-07,877272.9700000182,6176,approved|items|excl|all,approved,items,excl,n/a,all,142.0454938471532
2018-04,976849.8000000262,6778,approved|items|excl|all,approved,items,excl,n/a,all,144.1206550604937
2018-01,942892.57000003,7187,approved|items|excl|all,approved,items,excl,n/a,all,131.1941797690316
2018-05,1018473.970000026,7066,approved|items|excl|all,approved,items,excl,n/a,all,144.1372728559335
2017-12,765532.3600000158,5832,approved|items|excl|all,approved,items,excl,n/a,all,131.26412208505073
2018-08,878987.1300000229,6620,approved|items|excl|all,approved,items,excl,n/a,all,132.7775120845956
2017-04,357638.7299999997,2374,approved|items|excl|all,approved,items,excl,n/a,all,150.64815922493668
2017-03,370611.55999999994,2689,approved|items|excl|all,approved,items,excl,n/a,all,137.82505020453698
2018-03,992982.100000026,7288,approved|items|excl|all,approved,items,excl,n/a,all,136.24891602634824
2017-01,114860.70999999979,760,approved|items|excl|all,approved,items,excl,n/a,all,151.13251315789446
2016-10,49640.05000000011,320,approved|items|excl|all,approved,items,excl,n/a,all,155.12515625000034
2016-12,10.9,1,approved|items|excl|all,approved,items,excl,n/a,all,10.9
2016-09,134.97,1,approved|items|excl|all,approved,items,excl,n/a,all,134.97
2017-09,614919.8600000123,4301,approved|items|excl|all,approved,items,excl,n/a,all,142.97136944896823
2017-11,994849.4900000275,7395,approved|items|excl|all,approved,items,excl,n/a,all,134.53001893171432
2018-02,837163.2800000275,6706,approved|items|excl|all,approved,items,excl,n/a,all,124.83794810617768
2017-08,572941.330000011,4348,approved|items|excl|all,approved,items,excl,n/a,all,131.77123505060052
2017-10,669892.6400000111,4590,approved|items|excl|all,approved,items,excl,n/a,all,145.94610893246428
2017-07,492766.0600000059,3974,approved|items|excl|all,approved,items,excl,n/a,all,123.99749874182332
2017-06,437278.5800000036,3252,approved|items|excl|all,approved,items,excl,n/a,all,134.46450799508108
2017-05,507167.89000000706,3693,approved|items|excl|all,approved,items,excl,n/a,all,137.33222041700705
2018-09,145.0,1,approved|items|excl|all,approved,items,excl,n/a,all,145.0
2018-06,1028017.8399999958,6164,approved|payments|incl|all,approved,payments,n/a,incl,all,166.7777157689805
2017-02,291836.21999999974,1765,approved|payments|incl|all,approved,payments,n/a,incl,all,165.34630028328598
2018-07,1043137.7600000012,6176,approved|payments|incl|all,approved,payments,n/a,incl,all,168.90183937823852
2018-04,1137693.9299999997,6778,approved|payments|incl|all,approved,payments,n/a,incl,all,167.8509781646503
2018-01,1106076.6700000055,7187,approved|payments|incl|all,approved,payments,n/a,incl,all,153.8996340615007
2018-05,1180152.8799999927,7066,approved|payments|incl|all,approved,payments,n/a,incl,all,167.0185225021218
2017-12,902534.69,5832,approved|payments|incl|all,approved,payments,n/a,incl,all,154.75560528120712
2018-08,1035448.7199999986,6620,approved|payments|incl|all,approved,payments,n/a,incl,all,156.4121933534741
2017-04,413537.46999999986,2374,approved|payments|incl|all,approved,payments,n/a,incl,all,174.19438500421225
2017-03,446020.61000000016,2689,approved|payments|incl|all,approved,payments,n/a,incl,all,165.8685793975456
2018-03,1170383.2699999951,7288,approved|payments|incl|all,approved,payments,n/a,incl,all,160.59045965971393
2017-01,131835.8699999998,760,approved|payments|incl|all,approved,payments,n/a,incl,all,173.46824999999973
2016-10,58380.73999999995,320,approved|payments|incl|all,approved,payments,n/a,incl,all,182.43981249999985
2016-12,19.62,1,approved|payments|incl|all,approved,payments,n/a,incl,all,19.62
2016-09,0.0,1,approved|payments|incl|all,approved,payments,n/a,incl,all,0.0
2017-09,717821.7899999997,4301,approved|payments|incl|all,approved,payments,n/a,incl,all,166.89648686352004
2017-11,1174911.5099999998,7395,approved|payments|incl|all,approved,payments,n/a,incl,all,158.8791764705882
2018-02,984422.010000002,6706,approved|payments|incl|all,approved,payments,n/a,incl,all,146.7971980316138
2017-08,672772.7900000028,4348,approved|payments|incl|all,approved,payments,n/a,incl,all,154.73155243790313
2017-10,782898.6100000005,4590,approved|payments|incl|all,approved,payments,n/a,incl,all,170.56614596949902
2017-07,585260.3000000025,3974,approved|payments|incl|all,approved,payments,n/a,incl,all,147.27234524408718
2017-06,515293.570000003,3252,approved|payments|incl|all,approved,payments,n/a,incl,all,158.4543573185741
2017-05,593119.0200000033,3693,approved|payments|incl|all,approved,payments,n/a,incl,all,160.6062875710813
2018-09,166.46,1,approved|payments|incl|all,approved,payments,n/a,incl,all,166.46
2018-06,1004492.7099999957,6164,approved|payments|excl|all,approved,payments,n/a,excl,all,162.96117942894153
2017-02,285488.92999999964,1765,approved|payments|excl|all,approved,payments,n/a,excl,all,161.75010198300262
2018-07,1023346.1800000011,6176,approved|payments|excl|all,approved,payments,n/a,excl,all,165.69724417098465
2018-04,1116138.009999999,6778,approved|payments|excl|all,approved,payments,n/a,excl,all,164.67070079669506
2018-01,1076541.680000002,7187,approved|payments|excl|all,approved,payments,n/a,excl,all,149.79013218310868
2018-05,1158444.5899999957,7066,approved|payments|excl|all,approved,payments,n/a,excl,all,163.94630484007862
2017-12,879068.1799999998,5832,approved|payments|excl|all,approved,payments,n/a,excl,all,150.7318552812071
2018-08,1017898.469999999,6620,approved|payments|excl|all,approved,payments,n/a,excl,all,153.76109818731103
2017-04,401934.3999999997,2374,approved|payments|excl|all,approved,payments,n/a,excl,all,169.3068239258634
2017-03,436399.28000000014,2689,approved|payments|excl|all,approved,payments,n/a,excl,all,162.29054667162518
2018-03,1144084.7099999955,7288,approved|payments|excl|all,approved,payments,n/a,excl,all,156.98198545554274
2017-01,127961.36999999988,760,approved|payments|excl|all,approved,payments,n/a,excl,all,168.37022368421037
2016-10,57563.659999999945,320,approved|payments|excl|all,approved,payments,n/a,excl,all,179.88643749999983
2016-12,19.62,1,approved|payments|excl|all,approved,payments,n/a,excl,all,19.62
2016-09,0.0,1,approved|payments|excl|all,approved,payments,n/a,excl,all,0.0
2017-09,699929.9699999993,4301,approved|payments|excl|all,approved,payments,n/a,excl,all,162.73656591490334
2017-11,1155965.0400000012,7395,approved|payments|excl|all,approved,payments,n/a,excl,all,156.31711156186628
2018-02,961472.9900000017,6706,approved|payments|excl|all,approved,payments,n/a,excl,all,143.37503578884608
2017-08,657866.0500000032,4348,approved|payments|excl|all,approved,payments,n/a,excl,all,151.30313937442577
2017-10,763973.4300000009,4590,approved|payments|excl|all,approved,payments,n/a,excl,all,166.44301307189562
2017-07,566825.9000000022,3974,approved|payments|excl|all,approved,payments,n/a,excl,all,142.6335933568199
2017-06,502601.4000000029,3252,approved|payments|excl|all,approved,payments,n/a,excl,all,154.55147601476102
2017-05,577120.5200000039,3693,approved|payments|excl|all,approved,payments,n/a,excl,all,156.27417275927536
2018-09,0.0,1,approved|payments|excl|all,approved,payments,n/a,excl,all,0.0
2018-06,1024743.4499999954,6146,approved|items|incl|ex_canceled,approved,items,incl,n/a,ex_canceled,166.7333957045225
2017-02,283416.98999999947,1750,approved|items|incl|ex_canceled,approved,items,incl,n/a,ex_canceled,161.9525657142854
2018-07,1018465.3000000003,6137,approved|items|incl|ex_canceled,approved,items,incl,n/a,ex_canceled,165.95491282385535
2018-04,1133596.7999999996,6764,approved|items|incl|ex_canceled,approved,items,incl,n/a,ex_canceled,167.59266706091063
2018-01,1093944.940000004,7155,approved|items|incl|ex_canceled,approved,items,incl,n/a,ex_canceled,152.89237456324304
2018-05,1172252.8199999933,7042,approved|items|incl|ex_canceled,approved,items,incl,n/a,ex_canceled,166.4658932121547
2017-12,887431.94,5825,approved|items|incl|ex_canceled,approved,items,incl,n/a,ex_canceled,152.34883090128756
2018-08,1025771.7599999992,6588,approved|items|incl|ex_canceled,approved,items,incl,n/a,ex_canceled,155.70306010928948
2017-04,403041.68999999994,2361,approved|items|incl|ex_canceled,approved,items,incl,n/a,ex_canceled,170.70804320203302
2017-03,422126.8399999999,2658,approved|items|incl|ex_canceled,approved,items,incl,n/a,ex_canceled,158.81370955605715
2018-03,1164127.4699999958,7265,approved|items|incl|ex_canceled,approved,items,incl,n/a,ex_canceled,160.23777976600078
2017-01,130595.51999999981,758,approved|items|incl|ex_canceled,approved,items,incl,n/a,ex_canceled,172.28960422163564
2016-10,53631.23999999996,300,approved|items|incl|ex_canceled,approved,items,incl,n/a,ex_canceled,178.77079999999987
2016-12,19.62,1,approved|items|incl|ex_canceled,approved,items,incl,n/a,ex_canceled,19.62
2016-09,143.46,1,approved|items|incl|ex_canceled,approved,items,incl,n/a,ex_canceled,143.46
2017-09,708002.0999999994,4285,approved|items|incl|ex_canceled,approved,items,incl,n/a,ex_canceled,165.2280280046673
2017-11,1154810.440000001,7366,approved|items|incl|ex_canceled,approved,items,incl,n/a,ex_canceled,156.77578604398605
2018-02,972262.3600000009,6635,approved|items|incl|ex_canceled,approved,items,incl,n/a,ex_canceled,146.53539713639802
2017-08,661320.5200000026,4327,approved|items|incl|ex_canceled,approved,items,incl,n/a,ex_canceled,152.83580309683444
2017-10,770106.8900000002,4569,approved|items|incl|ex_canceled,approved,items,incl,n/a,ex_canceled,168.5504246005691
2017-07,572464.7800000029,3951,approved|items|incl|ex_canceled,approved,items,incl,n/a,ex_canceled,144.89111111111185
2017-06,504008.7100000029,3238,approved|items|incl|ex_canceled,approved,items,incl,n/a,ex_canceled,155.65432674490515
2017-05,583950.7200000036,3674,approved|items|incl|ex_canceled,approved,items,incl,n/a,ex_canceled,158.94140446380064
2018-09,166.46,1,approved|items|incl|ex_canceled,approved,items,incl,n/a,ex_canceled,166.46
2018-06,867661.4600000184,6146,approved|items|excl|ex_canceled,approved,items,excl,n/a,ex_canceled,141.17498535633231
2017-02,245097.40999999692,1750,approved|items|excl|ex_canceled,approved,items,excl,n/a,ex_canceled,140.0556628571411
2018-07,859898.0200000181,6137,approved|items|excl|ex_canceled,approved,items,excl,n/a,ex_canceled,140.11699853348836
2018-04,973904.0300000262,6764,approved|items|excl|ex_canceled,approved,items,excl,n/a,ex_canceled,143.98344618569283
2018-01,938458.5000000297,7155,approved|items|excl|ex_canceled,approved,items,excl,n/a,ex_canceled,131.1612159329182
2018-05,1014719.0400000259,7042,approved|items|excl|ex_canceled,approved,items,excl,n/a,ex_canceled,144.09529111048366
2017-12,763754.650000016,5825,approved|items|excl|ex_canceled,approved,items,excl,n/a,ex_canceled,131.11667811159072
2018-08,873072.9000000228,6588,approved|items|excl|ex_canceled,approved,items,excl,n/a,ex_canceled,132.52472677595975
2017-04,351581.1699999994,2361,approved|items|excl|ex_canceled,approved,items,excl,n/a,ex_canceled,148.91197373994044
2017-03,364608.5799999999,2658,approved|items|excl|ex_canceled,approved,items,excl,n/a,ex_canceled,137.17403310759966
2018-03,990819.720000026,7265,approved|items|excl|ex_canceled,approved,items,excl,n/a,ex_canceled,136.38261803166222
2017-01,114646.10999999978,758,approved|items|excl|ex_canceled,approved,items,excl,n/a,ex_canceled,151.24816622691264
2016-10,46587.880000000114,300,approved|items|excl|ex_canceled,approved,items,excl,n/a,ex_canceled,155.2929333333337
2016-12,10.9,1,approved|items|excl|ex_canceled,approved,items,excl,n/a,ex_canceled,10.9
2016-09,134.97,1,approved|items|excl|ex_canceled,approved,items,excl,n/a,ex_canceled,134.97
2017-09,611934.0800000123,4285,approved|items|excl|ex_canceled,approved,items,excl,n/a,ex_canceled,142.80842007001453
2017-11,988487.5900000271,7366,approved|items|excl|ex_canceled,approved,items,excl,n/a,ex_canceled,134.1959801792054
2018-02,830740.000000027,6635,approved|items|excl|ex_canceled,approved,items,excl,n/a,ex_canceled,125.20572720422412
2017-08,567215.4400000104,4327,approved|items|excl|ex_canceled,approved,items,excl,n/a,ex_canceled,131.08746013404448
2017-10,665852.8300000111,4569,approved|items|excl|ex_canceled,approved,items,excl,n/a,ex_canceled,145.73272707376037
2017-07,487021.8800000057,3951,approved|items|excl|ex_canceled,approved,items,excl,n/a,ex_canceled,123.2654720323983
2017-06,433858.6900000035,3238,approved|items|excl|ex_canceled,approved,items,excl,n/a,ex_canceled,133.98971278567126
2017-05,504527.1500000068,3674,approved|items|excl|ex_canceled,approved,items,excl,n/a,ex_canceled,137.32366630375796
2018-09,145.0,1,approved|items|excl|ex_canceled,approved,items,excl,n/a,ex_canceled,145.0
2018-06,1025357.3599999956,6146,approved|payments|incl|ex_canceled,approved,payments,n/a,incl,ex_canceled,166.83328343638067
2017-02,289117.28999999963,1750,approved|payments|incl|ex_canceled,approved,payments,n/a,incl,ex_canceled,165.2098799999998
2018-07,1024297.0300000007,6137,approved|payments|incl|ex_canceled,approved,payments,n/a,incl,ex_canceled,166.90517027863788
2018-04,1134366.4499999995,6764,approved|payments|incl|ex_canceled,approved,payments,n/a,incl,ex_canceled,167.70645328208153
2018-01,1100858.640000005,7155,approved|payments|incl|ex_canceled,approved,payments,n/a,incl,ex_canceled,153.8586498951789
2018-05,1175578.5199999935,7042,approved|payments|incl|ex_canceled,approved,payments,n/a,incl,ex_canceled,166.93815961374517
2017-12,900447.53,5825,approved|payments|incl|ex_canceled,approved,payments,n/a,incl,ex_canceled,154.5832669527897
2018-08,1029010.0399999988,6588,approved|payments|incl|ex_canceled,approved,payments,n/a,incl,ex_canceled,156.19460230722507
2017-04,407008.3099999999,2361,approved|payments|incl|ex_canceled,approved,payments,n/a,incl,ex_canceled,172.38810249894107
2017-03,438915.2500000001,2658,approved|payments|incl|ex_canceled,approved,payments,n/a,incl,ex_canceled,165.1298908954101
2018-03,1167517.5699999952,7265,approved|payments|incl|ex_canceled,approved,payments,n/a,incl,ex_canceled,160.70441431520925
2017-01,131590.8399999998,758,approved|payments|incl|ex_canceled,approved,payments,n/a,incl,ex_canceled,173.6026912928757
2016-10,53934.24999999998,300,approved|payments|incl|ex_canceled,approved,payments,n/a,incl,ex_canceled,179.78083333333325
2016-12,19.62,1,approved|payments|incl|ex_canceled,approved,payments,n/a,incl,ex_canceled,19.62
2016-09,0.0,1,approved|payments|incl|ex_canceled,approved,payments,n/a,incl,ex_canceled,0.0
2017-09,714500.4799999996,4285,approved|payments|incl|ex_canceled,approved,payments,n/a,incl,ex_canceled,166.74456942823795
2017-11,1168019.2299999997,7366,approved|payments|incl|ex_canceled,approved,payments,n/a,incl,ex_canceled,158.56899674178655
2018-02,976835.3600000018,6635,approved|payments|incl|ex_canceled,approved,payments,n/a,incl,ex_canceled,147.22462094951044
2017-08,666471.7100000029,4327,approved|payments|incl|ex_canceled,approved,payments,n/a,incl,ex_canceled,154.02627917725974
2017-10,778342.2700000005,4569,approved|payments|incl|ex_canceled,approved,payments,n/a,incl,ex_canceled,170.35287152549802
2017-07,579042.4100000024,3951,approved|payments|incl|ex_canceled,approved,payments,n/a,incl,ex_canceled,146.5559124272342
2017-06,511659.0900000031,3238,approved|payments|incl|ex_canceled,approved,payments,n/a,incl,ex_canceled,158.01701358863593
2017-05,589918.1100000034,3674,approved|payments|incl|ex_canceled,approved,payments,n/a,incl,ex_canceled,160.5656260206868
2018-09,166.46,1,approved|payments|incl|ex_canceled,approved,payments,n/a,incl,ex_canceled,166.46
2018-06,1001832.2299999959,6146,approved|payments|excl|ex_canceled,approved,payments,n/a,excl,ex_canceled,163.00556947608135
2017-02,282769.9999999997,1750,approved|payments|excl|ex_canceled,approved,payments,n/a,excl,ex_canceled,161.58285714285697
2018-07,1004530.450000001,6137,approved|payments|excl|ex_canceled,approved,payments,n/a,excl,ex_canceled,163.68428385204513
2018-04,1113181.2899999993,6764,approved|payments|excl|ex_canceled,approved,payments,n/a,excl,ex_canceled,164.57440715552917
2018-01,1071360.530000002,7155,approved|payments|excl|ex_canceled,approved,payments,n/a,excl,ex_canceled,149.73592313067812
2018-05,1153870.229999996,7042,approved|payments|excl|ex_canceled,approved,payments,n/a,excl,ex_canceled,163.85547145697188
2017-12,876981.0199999997,5825,approved|payments|excl|ex_canceled,approved,payments,n/a,excl,ex_canceled,150.5546815450643
2018-08,1011505.1299999991,6588,approved|payments|excl|ex_canceled,approved,payments,n/a,excl,ex_canceled,153.53751214329068
2017-04,395405.2399999998,2361,approved|payments|excl|ex_canceled,approved,payments,n/a,excl,ex_canceled,167.4736298178737
2017-03,429293.92000000004,2658,approved|payments|excl|ex_canceled,approved,payments,n/a,excl,ex_canceled,161.51012791572612
2018-03,1141321.3999999957,7265,approved|payments|excl|ex_canceled,approved,payments,n/a,excl,ex_canceled,157.0986097728831
2017-01,127716.33999999987,758,approved|payments|excl|ex_canceled,approved,payments,n/a,excl,ex_canceled,168.49121372031644
2016-10,53117.16999999996,300,approved|payments|excl|ex_canceled,approved,payments,n/a,excl,ex_canceled,177.05723333333322
2016-12,19.62,1,approved|payments|excl|ex_canceled,approved,payments,n/a,excl,ex_canceled,19.62
2016-09,0.0,1,approved|payments|excl|ex_canceled,approved,payments,n/a,excl,ex_canceled,0.0
2017-09,696608.6599999992,4285,approved|payments|excl|ex_canceled,approved,payments,n/a,excl,ex_canceled,162.56911551925302
2017-11,1149152.0000000012,7366,approved|payments|excl|ex_canceled,approved,payments,n/a,excl,ex_canceled,156.00760249796377
2018-02,955251.7600000013,6635,approved|payments|excl|ex_canceled,approved,payments,n/a,excl,ex_canceled,143.9716292388849
2017-08,651929.8200000032,4327,approved|payments|excl|ex_canceled,approved,payments,n/a,excl,ex_canceled,150.66554656806176
2017-10,759632.2000000009,4569,approved|payments|excl|ex_canceled,approved,payments,n/a,excl,ex_canceled,166.25786824250403
2017-07,560774.3500000024,3951,approved|payments|excl|ex_canceled,approved,payments,n/a,excl,ex_canceled,141.93225765629015
2017-06,498966.9200000029,3238,approved|payments|excl|ex_canceled,approved,payments,n/a,excl,ex_canceled,154.09725756639992
2017-05,573981.5900000039,3674,approved|payments|excl|ex_canceled,approved,payments,n/a,excl,ex_canceled,156.2279776810027
2018-09,0.0,1,approved|payments|excl|ex_canceled,approved,payments,n/a,excl,ex_canceled,0.0
2018-06,1024743.4499999954,6142,approved|items|incl|ex_canceled_unavail,approved,items,incl,n/a,ex_canceled_unavail,166.84198143926986
2017-02,283416.98999999947,1703,approved|items|incl|ex_canceled_unavail,approved,items,incl,n/a,ex_canceled_unavail,166.42219025249528
2018-07,1018465.3000000003,6125,approved|items|incl|ex_canceled_unavail,approved,items,incl,n/a,ex_canceled_unavail,166.2800489795919
2018-04,1133596.7999999996,6758,approved|items|incl|ex_canceled_unavail,approved,items,incl,n/a,ex_canceled_unavail,167.74146197099728
2018-01,1093944.940000004,7108,approved|items|incl|ex_canceled_unavail,approved,items,incl,n/a,ex_canceled_unavail,153.90333989870624
2018-05,1172252.8199999933,7026,approved|items|incl|ex_canceled_unavail,approved,items,incl,n/a,ex_canceled_unavail,166.84497865072493
2017-12,887431.94,5782,approved|items|incl|ex_canceled_unavail,approved,items,incl,n/a,ex_canceled_unavail,153.48182981667242
2018-08,1025771.7599999992,6575,approved|items|incl|ex_canceled_unavail,approved,items,incl,n/a,ex_canceled_unavail,156.01091406844094
2017-04,403041.68999999994,2352,approved|items|incl|ex_canceled_unavail,approved,items,incl,n/a,ex_canceled_unavail,171.36126275510202
2017-03,422126.8399999999,2626,approved|items|incl|ex_canceled_unavail,approved,items,incl,n/a,ex_canceled_unavail,160.74898705255137
2018-03,1164127.4699999958,7249,approved|items|incl|ex_canceled_unavail,approved,items,incl,n/a,ex_canceled_unavail,160.59145675265495
2017-01,130595.51999999981,750,approved|items|incl|ex_canceled_unavail,approved,items,incl,n/a,ex_canceled_unavail,174.12735999999975
2016-10,51490.74999999997,294,approved|items|incl|ex_canceled_unavail,approved,items,incl,n/a,ex_canceled_unavail,175.13860544217678
2016-12,19.62,1,approved|items|incl|ex_canceled_unavail,approved,items,incl,n/a,ex_canceled_unavail,19.62
2016-09,143.46,1,approved|items|incl|ex_canceled_unavail,approved,items,incl,n/a,ex_canceled_unavail,143.46
2017-09,708002.0999999994,4248,approved|items|incl|ex_canceled_unavail,approved,items,incl,n/a,ex_canceled_unavail,166.66716101694902
2017-11,1154810.440000001,7280,approved|items|incl|ex_canceled_unavail,approved,items,incl,n/a,ex_canceled_unavail,158.62780769230784
2018-02,972262.3600000009,6604,approved|items|incl|ex_canceled_unavail,approved,items,incl,n/a,ex_canceled_unavail,147.2232525741976
2017-08,661320.5200000026,4296,approved|items|incl|ex_canceled_unavail,approved,items,incl,n/a,ex_canceled_unavail,153.93866852886467
2017-10,770106.8900000002,4512,approved|items|incl|ex_canceled_unavail,approved,items,incl,n/a,ex_canceled_unavail,170.67971852836885
2017-07,572464.7800000029,3899,approved|items|incl|ex_canceled_unavail,approved,items,incl,n/a,ex_canceled_unavail,146.82348807386586
2017-06,504008.7100000029,3214,approved|items|incl|ex_canceled_unavail,approved,items,incl,n/a,ex_canceled_unavail,156.8166490354707
2017-05,583950.7200000036,3642,approved|items|incl|ex_canceled_unavail,approved,items,incl,n/a,ex_canceled_unavail,160.33792421746392
2018-09,166.46,1,approved|items|incl|ex_canceled_unavail,approved,items,incl,n/a,ex_canceled_unavail,166.46
2018-06,867661.4600000184,6142,approved|items|excl|ex_canceled_unavail,approved,items,excl,n/a,ex_canceled_unavail,141.26692608271222
2017-02,245097.40999999692,1703,approved|items|excl|ex_canceled_unavail,approved,items,excl,n/a,ex_canceled_unavail,143.92096887844798
2018-07,859898.0200000181,6125,approved|items|excl|ex_canceled_unavail,approved,items,excl,n/a,ex_canceled_unavail,140.3915134693907
2018-04,973904.0300000262,6758,approved|items|excl|ex_canceled_unavail,approved,items,excl,n/a,ex_canceled_unavail,144.11127996449042
2018-01,938458.5000000297,7108,approved|items|excl|ex_canceled_unavail,approved,items,excl,n/a,ex_canceled_unavail,132.02848902645326
2018-05,1014719.0400000259,7026,approved|items|excl|ex_canceled_unavail,approved,items,excl,n/a,ex_canceled_unavail,144.42343296328292
2017-12,763754.650000016,5782,approved|items|excl|ex_canceled_unavail,approved,items,excl,n/a,ex_canceled_unavail,132.091776202009
2018-08,873072.9000000228,6575,approved|items|excl|ex_canceled_unavail,approved,items,excl,n/a,ex_canceled_unavail,132.7867528517145
2017-04,351581.1699999994,2352,approved|items|excl|ex_canceled_unavail,approved,items,excl,n/a,ex_canceled_unavail,149.48178996598614
2017-03,364608.5799999999,2626,approved|items|excl|ex_canceled_unavail,approved,items,excl,n/a,ex_canceled_unavail,138.84561309977147
2018-03,990819.720000026,7249,approved|items|excl|ex_canceled_unavail,approved,items,excl,n/a,ex_canceled_unavail,136.68364188164244
2017-01,114646.10999999978,750,approved|items|excl|ex_canceled_unavail,approved,items,excl,n/a,ex_canceled_unavail,152.86147999999972
2016-10,44580.190000000104,294,approved|items|excl|ex_canceled_unavail,approved,items,excl,n/a,ex_canceled_unavail,151.63329931972825
2016-12,10.9,1,approved|items|excl|ex_canceled_unavail,approved,items,excl,n/a,ex_canceled_unavail,10.9
2016-09,134.97,1,approved|items|excl|ex_canceled_unavail,approved,items,excl,n/a,ex_canceled_unavail,134.97
2017-09,611934.0800000123,4248,approved|items|excl|ex_canceled_unavail,approved,items,excl,n/a,ex_canceled_unavail,144.05227871940025
2017-11,988487.5900000271,7280,approved|items|excl|ex_canceled_unavail,approved,items,excl,n/a,ex_canceled_unavail,135.7812623626411
2018-02,830740.000000027,6604,approved|items|excl|ex_canceled_unavail,approved,items,excl,n/a,ex_canceled_unavail,125.79345850999803
2017-08,567215.4400000104,4296,approved|items|excl|ex_canceled_unavail,approved,items,excl,n/a,ex_canceled_unavail,132.03338919925756
2017-10,665852.8300000111,4512,approved|items|excl|ex_canceled_unavail,approved,items,excl,n/a,ex_canceled_unavail,147.57376551418687
2017-07,487021.8800000057,3899,approved|items|excl|ex_canceled_unavail,approved,items,excl,n/a,ex_canceled_unavail,124.90943318799839
2017-06,433858.6900000035,3214,approved|items|excl|ex_canceled_unavail,approved,items,excl,n/a,ex_canceled_unavail,134.99025824517844
2017-05,504527.1500000068,3642,approved|items|excl|ex_canceled_unavail,approved,items,excl,n/a,ex_canceled_unavail,138.53024437122647
2018-09,145.0,1,approved|items|excl|ex_canceled_unavail,approved,items,excl,n/a,ex_canceled_unavail,145.0
2018-06,1024631.6299999956,6142,approved|payments|incl|ex_canceled_unavail,approved,payments,n/a,incl,ex_canceled_unavail,166.82377564311227
2017-02,283477.22999999946,1703,approved|payments|incl|ex_canceled_unavail,approved,payments,n/a,incl,ex_canceled_unavail,166.4575631238987
2018-07,1018528.6200000002,6125,approved|payments|incl|ex_canceled_unavail,approved,payments,n/a,incl,ex_canceled_unavail,166.29038693877555
2018-04,1133265.7999999996,6758,approved|payments|incl|ex_canceled_unavail,approved,payments,n/a,incl,ex_canceled_unavail,167.69248298313104
2018-01,1094109.1200000043,7108,approved|payments|incl|ex_canceled_unavail,approved,payments,n/a,incl,ex_canceled_unavail,153.92643781654533
2018-05,1171843.3799999934,7026,approved|payments|incl|ex_canceled_unavail,approved,payments,n/a,incl,ex_canceled_unavail,166.7867036720742
2017-12,886779.8999999996,5782,approved|payments|incl|ex_canceled_unavail,approved,payments,n/a,incl,ex_canceled_unavail,153.36905914908328
2018-08,1025627.8899999991,6575,approved|payments|incl|ex_canceled_unavail,approved,payments,n/a,incl,ex_canceled_unavail,155.98903269961963
2017-04,403169.23999999993,2352,approved|payments|incl|ex_canceled_unavail,approved,payments,n/a,incl,ex_canceled_unavail,171.4154931972789
2017-03,422165.27999999997,2626,approved|payments|incl|ex_canceled_unavail,approved,payments,n/a,incl,ex_canceled_unavail,160.76362528560549
2018-03,1164078.7799999956,7249,approved|payments|incl|ex_canceled_unavail,approved,payments,n/a,incl,ex_canceled_unavail,160.58473996413238
2017-01,130658.82999999981,750,approved|payments|incl|ex_canceled_unavail,approved,payments,n/a,incl,ex_canceled_unavail,174.21177333333307
2016-10,51793.75999999997,294,approved|payments|incl|ex_canceled_unavail,approved,payments,n/a,incl,ex_canceled_unavail,176.16925170068018
2016-12,19.62,1,approved|payments|incl|ex_canceled_unavail,approved,payments,n/a,incl,ex_canceled_unavail,19.62
2016-09,0.0,1,approved|payments|incl|ex_canceled_unavail,approved,payments,n/a,incl,ex_canceled_unavail,0.0
2017-09,708094.5899999995,4248,approved|payments|incl|ex_canceled_unavail,approved,payments,n/a,incl,ex_canceled_unavail,166.68893361581908
2017-11,1153779.0100000012,7280,approved|payments|incl|ex_canceled_unavail,approved,payments,n/a,incl,ex_canceled_unavail,158.4861277472529
2018-02,971936.3300000011,6604,approved|payments|incl|ex_canceled_unavail,approved,payments,n/a,incl,ex_canceled_unavail,147.17388400969128
2017-08,661406.0200000027,4296,approved|payments|incl|ex_canceled_unavail,approved,payments,n/a,incl,ex_canceled_unavail,153.95857076350157
2017-10,770030.9800000001,4512,approved|payments|incl|ex_canceled_unavail,approved,payments,n/a,incl,ex_canceled_unavail,170.6628945035461
2017-07,572569.6300000029,3899,approved|payments|incl|ex_canceled_unavail,approved,payments,n/a,incl,ex_canceled_unavail,146.8503795845096
2017-06,504183.94000000285,3214,approved|payments|incl|ex_canceled_unavail,approved,payments,n/a,incl,ex_canceled_unavail,156.87116988176817
2017-05,584178.2700000036,3642,approved|payments|incl|ex_canceled_unavail,approved,payments,n/a,incl,ex_canceled_unavail,160.40040362438322
2018-09,166.46,1,approved|payments|incl|ex_canceled_unavail,approved,payments,n/a,incl,ex_canceled_unavail,166.46
2018-06,1001106.4999999959,6142,approved|payments|excl|ex_canceled_unavail,approved,payments,n/a,excl,ex_canceled_unavail,162.99356887007423
2017-02,277762.97999999963,1703,approved|payments|excl|ex_canceled_unavail,approved,payments,n/a,excl,ex_canceled_unavail,163.10216089254234
2018-07,998762.0400000011,6125,approved|payments|excl|ex_canceled_unavail,approved,payments,n/a,excl,ex_canceled_unavail,163.06319020408182
2018-04,1112080.6399999994,6758,approved|payments|excl|ex_canceled_unavail,approved,payments,n/a,excl,ex_canceled_unavail,164.55765611127543
2018-01,1064730.0000000019,7108,approved|payments|excl|ex_canceled_unavail,approved,payments,n/a,excl,ex_canceled_unavail,149.79319077096255
2018-05,1150135.089999996,7026,approved|payments|excl|ex_canceled_unavail,approved,payments,n/a,excl,ex_canceled_unavail,163.6969954454876
2017-12,864571.8199999996,5782,approved|payments|excl|ex_canceled_unavail,approved,payments,n/a,excl,ex_canceled_unavail,149.52815980629532
2018-08,1008122.9799999993,6575,approved|payments|excl|ex_canceled_unavail,approved,payments,n/a,excl,ex_canceled_unavail,153.3266889733839
2017-04,391590.6799999998,2352,approved|payments|excl|ex_canceled_unavail,approved,payments,n/a,excl,ex_canceled_unavail,166.4926360544217
2017-03,412543.94999999984,2626,approved|payments|excl|ex_canceled_unavail,approved,payments,n/a,excl,ex_canceled_unavail,157.09975247524747
2018-03,1137882.609999996,7249,approved|payments|excl|ex_canceled_unavail,approved,payments,n/a,excl,ex_canceled_unavail,156.97097668643895
2017-01,126815.44999999984,750,approved|payments|excl|ex_canceled_unavail,approved,payments,n/a,excl,ex_canceled_unavail,169.08726666666644
2016-10,50976.67999999997,294,approved|payments|excl|ex_canceled_unavail,approved,payments,n/a,excl,ex_canceled_unavail,173.3900680272108
2016-12,19.62,1,approved|payments|excl|ex_canceled_unavail,approved,payments,n/a,excl,ex_canceled_unavail,19.62
2016-09,0.0,1,approved|payments|excl|ex_canceled_unavail,approved,payments,n/a,excl,ex_canceled_unavail,0.0
2017-09,690395.299999999,4248,approved|payments|excl|ex_canceled_unavail,approved,payments,n/a,excl,ex_canceled_unavail,162.52243408662878
2017-11,1135285.0100000012,7280,approved|payments|excl|ex_canceled_unavail,approved,payments,n/a,excl,ex_canceled_unavail,155.94574313186828
2018-02,950352.730000001,6604,approved|payments|excl|ex_canceled_unavail,approved,payments,n/a,excl,ex_canceled_unavail,143.90562235009102
2017-08,646914.1300000033,4296,approved|payments|excl|ex_canceled_unavail,approved,payments,n/a,excl,ex_canceled_unavail,150.58522579143465
2017-10,751754.400000001,4512,approved|payments|excl|ex_canceled_unavail,approved,payments,n/a,excl,ex_canceled_unavail,166.6122340425534
2017-07,555083.7800000026,3899,approved|payments|excl|ex_canceled_unavail,approved,payments,n/a,excl,ex_canceled_unavail,142.36567837907222
2017-06,491491.77000000264,3214,approved|payments|excl|ex_canceled_unavail,approved,payments,n/a,excl,ex_canceled_unavail,152.92214374611157
2017-05,568241.750000004,3642,approved|payments|excl|ex_canceled_unavail,approved,payments,n/a,excl,ex_canceled_unavail,156.02464305326853
2018-09,0.0,1,approved|payments|excl|ex_canceled_unavail,approved,payments,n/a,excl,ex_canceled_unavail,0.0
2018-06,1015758.8399999954,6097,approved|items|incl|delivered_only,approved,items,incl,n/a,delivered_only,166.5997769394777
2017-02,270749.8499999996,1638,approved|items|incl|delivered_only,approved,items,incl,n/a,delivered_only,165.2929487179485
2018-07,1006454.6200000005,6050,approved|items|incl|delivered_only,approved,items,incl,n/a,delivered_only,166.35613553719017
2018-04,1109936.179999999,6639,approved|items|incl|delivered_only,approved,items,incl,n/a,delivered_only,167.18424160265084
2018-01,1069940.1600000013,6991,approved|items|incl|delivered_only,approved,items,incl,n/a,delivered_only,153.04536690030056
2018-05,1155811.159999994,6940,approved|items|incl|delivered_only,approved,items,incl,n/a,delivered_only,166.54339481267925
2017-12,868713.6000000002,5675,approved|items|incl|delivered_only,approved,items,incl,n/a,delivered_only,153.07728634361237
2018-08,1014122.0099999995,6504,approved|items|incl|delivered_only,approved,items,incl,n/a,delivered_only,155.9228182656826
2017-04,387782.0700000002,2278,approved|items|incl|delivered_only,approved,items,incl,n/a,delivered_only,170.22917910447768
2017-03,410734.6599999997,2554,approved|items|incl|delivered_only,approved,items,incl,n/a,delivered_only,160.82014878621757
2018-03,1132556.1399999952,7083,approved|items|incl|delivered_only,approved,items,incl,n/a,delivered_only,159.8978031907377
2017-01,121884.2899999998,715,approved|items|incl|delivered_only,approved,items,incl,n/a,delivered_only,170.4675384615382
2016-10,46490.65999999996,265,approved|items|incl|delivered_only,approved,items,incl,n/a,delivered_only,175.43645283018853
2016-12,19.62,1,approved|items|incl|delivered_only,approved,items,incl,n/a,delivered_only,19.62
2016-09,143.46,1,approved|items|incl|delivered_only,approved,items,incl,n/a,delivered_only,143.46
2017-11,1136252.8200000012,7150,approved|items|incl|delivered_only,approved,items,incl,n/a,delivered_only,158.91647832167848
2018-02,959033.0600000002,6536,approved|items|incl|delivered_only,approved,items,incl,n/a,delivered_only,146.73088433292537
2017-09,691353.1299999993,4170,approved|items|incl|delivered_only,approved,items,incl,n/a,delivered_only,165.79211750599504
2017-08,646649.9100000033,4217,approved|items|incl|delivered_only,approved,items,incl,n/a,delivered_only,153.3435878586681
2017-10,755425.4800000001,4441,approved|items|incl|delivered_only,approved,items,incl,n/a,delivered_only,170.10256248592663
2017-07,560275.7100000028,3828,approved|items|incl|delivered_only,approved,items,incl,n/a,delivered_only,146.3625156739819
2017-06,494351.84000000264,3143,approved|items|incl|delivered_only,approved,items,incl,n/a,delivered_only,157.28661788100624
2017-05,568069.7800000039,3548,approved|items|incl|delivered_only,approved,items,incl,n/a,delivered_only,160.1098590755366
2018-06,859882.7900000181,6097,approved|items|excl|delivered_only,approved,items,excl,n/a,delivered_only,141.03375266524816
2017-02,234163.37999999712,1638,approved|items|excl|delivered_only,approved,items,excl,n/a,delivered_only,142.95688644688468
2018-07,849818.1100000178,6050,approved|items|excl|delivered_only,approved,items,excl,n/a,delivered_only,140.46580330578806
2018-04,953526.9400000251,6639,approved|items|excl|delivered_only,approved,items,excl,n/a,delivered_only,143.62508510318196
2018-01,917667.2000000284,6991,approved|items|excl|delivered_only,approved,items,excl,n/a,delivered_only,131.26408239165045
2018-05,999867.2800000254,6940,approved|items|excl|delivered_only,approved,items,excl,n/a,delivered_only,144.07309510086822
2017-12,747390.6900000153,5675,approved|items|excl|delivered_only,approved,items,excl,n/a,delivered_only,131.6988000000027
2018-08,862639.5400000223,6504,approved|items|excl|delivered_only,approved,items,excl,n/a,delivered_only,132.6321555965594
2017-04,338207.84999999835,2278,approved|items|excl|delivered_only,approved,items,excl,n/a,delivered_only,148.46701053555677
2017-03,355372.2099999994,2554,approved|items|excl|delivered_only,approved,items,excl,n/a,delivered_only,139.14338684416578
2018-03,963604.2500000254,7083,approved|items|excl|delivered_only,approved,items,excl,n/a,delivered_only,136.04464915996405
2017-01,106888.0999999998,715,approved|items|excl|delivered_only,approved,items,excl,n/a,delivered_only,149.49384615384588
2016-10,40325.1100000001,265,approved|items|excl|delivered_only,approved,items,excl,n/a,delivered_only,152.17022641509473
2016-12,10.9,1,approved|items|excl|delivered_only,approved,items,excl,n/a,delivered_only,10.9
2016-09,134.97,1,approved|items|excl|delivered_only,approved,items,excl,n/a,delivered_only,134.97
2017-11,972604.1800000266,7150,approved|items|excl|delivered_only,approved,items,excl,n/a,delivered_only,136.02855664336036
2018-02,819355.2700000261,6536,approved|items|excl|delivered_only,approved,items,excl,n/a,delivered_only,125.36035342717658
2017-09,597240.9300000117,4170,approved|items|excl|delivered_only,approved,items,excl,n/a,delivered_only,143.22324460431935
2017-08,555061.4600000092,4217,approved|items|excl|delivered_only,approved,items,excl,n/a,delivered_only,131.62472373725615
2017-10,652987.8700000106,4441,approved|items|excl|delivered_only,approved,items,excl,n/a,delivered_only,147.03622382346558
2017-07,476556.8900000053,3828,approved|items|excl|delivered_only,approved,items,excl,n/a,delivered_only,124.49239550679344
2017-06,425825.55000000325,3143,approved|items|excl|delivered_only,approved,items,excl,n/a,delivered_only,135.48378937321135
2017-05,490696.21000000637,3548,approved|items|excl|delivered_only,approved,items,excl,n/a,delivered_only,138.3022012401371
2018-06,1015647.0199999956,6097,approved|payments|incl|delivered_only,approved,payments,n/a,incl,delivered_only,166.58143677218231
2017-02,270809.1699999997,1638,approved|payments|incl|delivered_only,approved,payments,n/a,incl,delivered_only,165.32916361416343
2018-07,1006517.9400000005,6050,approved|payments|incl|delivered_only,approved,payments,n/a,incl,delivered_only,166.36660165289265
2018-04,1109605.179999999,6639,approved|payments|incl|delivered_only,approved,payments,n/a,incl,delivered_only,167.1343846964903
2018-01,1070104.3400000015,6991,approved|payments|incl|delivered_only,approved,payments,n/a,incl,delivered_only,153.06885138034636
2018-05,1155401.7199999942,6940,approved|payments|incl|delivered_only,approved,payments,n/a,incl,delivered_only,166.48439769452366
2017-12,868061.5599999996,5675,approved|payments|incl|delivered_only,approved,payments,n/a,incl,delivered_only,152.9623894273127
2018-08,1013978.1399999995,6504,approved|payments|incl|delivered_only,approved,payments,n/a,incl,delivered_only,155.90069803198026
2017-04,387909.6300000001,2278,approved|payments|incl|delivered_only,approved,payments,n/a,incl,delivered_only,170.28517559262517
2017-03,410773.0999999998,2554,approved|payments|incl|delivered_only,approved,payments,n/a,incl,delivered_only,160.83519968676578
2018-03,1132507.459999995,7083,approved|payments|incl|delivered_only,approved,payments,n/a,incl,delivered_only,159.89093039672386
2017-01,121947.5999999998,715,approved|payments|incl|delivered_only,approved,payments,n/a,incl,delivered_only,170.55608391608365
2016-10,46566.70999999996,265,approved|payments|incl|delivered_only,approved,payments,n/a,incl,delivered_only,175.723433962264
2016-12,19.62,1,approved|payments|incl|delivered_only,approved,payments,n/a,incl,delivered_only,19.62
2016-09,0.0,1,approved|payments|incl|delivered_only,approved,payments,n/a,incl,delivered_only,0.0
2017-11,1135221.380000001,7150,approved|payments|incl|delivered_only,approved,payments,n/a,incl,delivered_only,158.7722209790211
2018-02,958707.0300000005,6536,approved|payments|incl|delivered_only,approved,payments,n/a,incl,delivered_only,146.68100214198293
2017-09,691445.6199999992,4170,approved|payments|incl|delivered_only,approved,payments,n/a,incl,delivered_only,165.81429736211012
2017-08,646735.4100000033,4217,approved|payments|incl|delivered_only,approved,payments,n/a,incl,delivered_only,153.36386293573707
2017-10,755343.5800000001,4441,approved|payments|incl|delivered_only,approved,payments,n/a,incl,delivered_only,170.0841206935375
2017-07,560380.5600000027,3828,approved|payments|incl|delivered_only,approved,payments,n/a,incl,delivered_only,146.38990595611358
2017-06,494527.0700000026,3143,approved|payments|incl|delivered_only,approved,payments,n/a,incl,delivered_only,157.34237034680325
2017-05,568297.3300000038,3548,approved|payments|incl|delivered_only,approved,payments,n/a,incl,delivered_only,160.17399379932462
2018-06,992316.0699999962,6097,approved|payments|excl|delivered_only,approved,payments,n/a,excl,delivered_only,162.75480892242024
2017-02,265486.60999999964,1638,approved|payments|excl|delivered_only,approved,payments,n/a,excl,delivered_only,162.07973748473725
2018-07,986945.1900000005,6050,approved|payments|excl|delivered_only,approved,payments,n/a,excl,delivered_only,163.13143636363645
2018-04,1088520.0200000005,6639,approved|payments|excl|delivered_only,approved,payments,n/a,excl,delivered_only,163.95843048651912
2018-01,1041773.8800000019,6991,approved|payments|excl|delivered_only,approved,payments,n/a,excl,delivered_only,149.01643255614388
2018-05,1134636.169999994,6940,approved|payments|excl|delivered_only,approved,payments,n/a,excl,delivered_only,163.49224351584928
2017-12,846288.0199999996,5675,approved|payments|excl|delivered_only,approved,payments,n/a,excl,delivered_only,149.12564229074883
2018-08,996532.0899999994,6504,approved|payments|excl|delivered_only,approved,payments,n/a,excl,delivered_only,153.21834102091012
2017-04,377217.9699999999,2278,approved|payments|excl|delivered_only,approved,payments,n/a,excl,delivered_only,165.5917339771729
2017-03,401281.06999999983,2554,approved|payments|excl|delivered_only,approved,payments,n/a,excl,delivered_only,157.11866483946744
2018-03,1106989.1899999974,7083,approved|payments|excl|delivered_only,approved,payments,n/a,excl,delivered_only,156.2881815614849
2017-01,118104.2199999998,715,approved|payments|excl|delivered_only,approved,payments,n/a,excl,delivered_only,165.18072727272698
2016-10,45848.179999999964,265,approved|payments|excl|delivered_only,approved,payments,n/a,excl,delivered_only,173.01199999999986
2016-12,19.62,1,approved|payments|excl|delivered_only,approved,payments,n/a,excl,delivered_only,19.62
2016-09,0.0,1,approved|payments|excl|delivered_only,approved,payments,n/a,excl,delivered_only,0.0
2017-11,1117173.1400000013,7150,approved|payments|excl|delivered_only,approved,payments,n/a,excl,delivered_only,156.2479916083918
2018-02,937123.43,6536,approved|payments|excl|delivered_only,approved,payments,n/a,excl,delivered_only,143.37873776009792
2017-09,673872.1099999995,4170,approved|payments|excl|delivered_only,approved,payments,n/a,excl,delivered_only,161.60002637889676
2017-08,632605.5400000034,4217,approved|payments|excl|delivered_only,approved,payments,n/a,excl,delivered_only,150.01317050035652
2017-10,737159.7100000011,4441,approved|payments|excl|delivered_only,approved,payments,n/a,excl,delivered_only,165.989576671921
2017-07,543190.4900000022,3828,approved|payments|excl|delivered_only,approved,payments,n/a,excl,delivered_only,141.89929205851678
2017-06,481979.3300000026,3143,approved|payments|excl|delivered_only,approved,payments,n/a,excl,delivered_only,153.35008908686052
2017-05,552431.9300000041,3548,approved|payments|excl|delivered_only,approved,payments,n/a,excl,delivered_only,155.70234780157952
2018-06,1027482.659999996,6108,carrier|items|incl|all,carrier,items,incl,n/a,all,168.21916502946888
2017-02,258707.01999999984,1517,carrier|items|incl|all,carrier,items,incl,n/a,all,170.5385761371126
2018-07,985249.5999999996,6055,carrier|items|incl|all,carrier,items,incl,n/a,all,162.71669694467377
2018-04,1178969.1699999983,7002,carrier|items|incl|all,carrier,items,incl,n/a,all,168.37605969722912
2018-03,1144574.7399999946,7178,carrier|items|incl|all,carrier,items,incl,n/a,all,159.4559403733623
2018-01,1075190.170000003,7059,carrier|items|incl|all,carrier,items,incl,n/a,all,152.31479954667842
2018-05,1156865.7599999942,6981,carrier|items|incl|all,carrier,items,incl,n/a,all,165.71633863343277
2017-12,924959.5699999995,6081,carrier|items|incl|all,carrier,items,incl,n/a,all,152.1064907087649
2018-08,1129392.7899999986,7058,carrier|items|incl|all,carrier,items,incl,n/a,all,160.0159804477187
2017-04,354580.1000000001,2141,carrier|items|incl|all,carrier,items,incl,n/a,all,165.61424567958903
2017-03,437575.6600000003,2717,carrier|items|incl|all,carrier,items,incl,n/a,all,161.0510342289291
2017-01,97011.20999999988,612,carrier|items|incl|all,carrier,items,incl,n/a,all,158.51504901960763
2016-10,41469.90999999998,247,carrier|items|incl|all,carrier,items,incl,n/a,all,167.89437246963556
2016-11,7091.260000000001,32,carrier|items|incl|all,carrier,items,incl,n/a,all,221.60187500000004
2016-12,102.31,2,carrier|items|incl|all,carrier,items,incl,n/a,all,51.155
2017-11,1063227.2900000005,6637,carrier|items|incl|all,carrier,items,incl,n/a,all,160.19697001657383
2017-09,687457.4900000002,4131,carrier|items|incl|all,carrier,items,incl,n/a,all,166.41430404260475
2018-02,968928.7500000019,6605,carrier|items|incl|all,carrier,items,incl,n/a,all,146.6962528387588
2017-08,664239.6000000021,4328,carrier|items|incl|all,carrier,items,incl,n/a,all,153.4749537892796
2017-07,553019.6400000028,3710,carrier|items|incl|all,carrier,items,incl,n/a,all,149.06189757412474
2017-10,755492.2800000006,4482,carrier|items|incl|all,carrier,items,incl,n/a,all,168.56141900937095
2017-06,498590.420000003,3263,carrier|items|incl|all,carrier,items,incl,n/a,all,152.80123199509745
2017-05,597231.1900000034,3709,carrier|items|incl|all,carrier,items,incl,n/a,all,161.0221596117561
2018-09,2664.08,3,carrier|items|incl|all,carrier,items,incl,n/a,all,888.0266666666666
2018-06,872653.7200000182,6108,carrier|items|excl|all,carrier,items,excl,n/a,all,142.87061558611956
2017-02,224591.1499999974,1517,carrier|items|excl|all,carrier,items,excl,n/a,all,148.04953856295148
2018-07,829624.9300000179,6055,carrier|items|excl|all,carrier,items,excl,n/a,all,137.0148521882771
2018-04,1012431.4400000273,7002,carrier|items|excl|all,carrier,items,excl,n/a,all,144.5917509283101
2018-03,974094.4200000275,7178,carrier|items|excl|all,carrier,items,excl,n/a,all,135.70554750627298
2018-01,923209.6000000295,7059,carrier|items|excl|all,carrier,items,excl,n/a,all,130.78475704774465
2018-05,1000893.9200000255,6981,carrier|items|excl|all,carrier,items,excl,n/a,all,143.37400372439845
2017-12,794342.3300000177,6081,carrier|items|excl|all,carrier,items,excl,n/a,all,130.62692484788977
2018-08,961126.7900000247,7058,carrier|items|excl|all,carrier,items,excl,n/a,all,136.1755157268383
2017-04,309157.9299999977,2141,carrier|items|excl|all,carrier,items,excl,n/a,all,144.39884633348797
2017-03,378570.46000000025,2717,carrier|items|excl|all,carrier,items,excl,n/a,all,139.3339933750461
2017-01,84469.34000000001,612,carrier|items|excl|all,carrier,items,excl,n/a,all,138.02179738562094
2016-10,35884.6300000001,247,carrier|items|excl|all,carrier,items,excl,n/a,all,145.2819028340085
2016-11,6103.09,32,carrier|items|excl|all,carrier,items,excl,n/a,all,190.7215625
2016-12,81.9,2,carrier|items|excl|all,carrier,items,excl,n/a,all,40.95
2017-11,911305.4000000217,6637,carrier|items|excl|all,carrier,items,excl,n/a,all,137.30682537291273
2017-09,594772.6900000117,4131,carrier|items|excl|all,carrier,items,excl,n/a,all,143.977896393128
2018-02,826770.9700000258,6605,carrier|items|excl|all,carrier,items,excl,n/a,all,125.17350037850504
2017-08,569314.2000000103,4328,carrier|items|excl|all,carrier,items,excl,n/a,all,131.54209796673067
2017-07,472529.42000000516,3710,carrier|items|excl|all,carrier,items,excl,n/a,all,127.36642048517659
2017-10,651867.2500000113,4482,carrier|items|excl|all,carrier,items,excl,n/a,all,145.441153502903
2017-06,426919.1500000035,3263,carrier|items|excl|all,carrier,items,excl,n/a,all,130.83639288997963
2017-05,516131.7700000076,3709,carrier|items|excl|all,carrier,items,excl,n/a,all,139.15658398490365
2018-09,2524.99,3,carrier|items|excl|all,carrier,items,excl,n/a,all,841.6633333333333
2018-06,1027328.9499999962,6108,carrier|payments|incl|all,carrier,payments,n/a,incl,all,168.19399967255995
2017-02,258761.04999999984,1517,carrier|payments|incl|all,carrier,payments,n/a,incl,all,170.574192485168
2018-07,985312.9199999998,6055,carrier|payments|incl|all,carrier,payments,n/a,incl,all,162.72715441783646
2018-04,1178655.679999998,7002,carrier|payments|incl|all,carrier,payments,n/a,incl,all,168.33128820337018
2018-03,1144477.7699999947,7178,carrier|payments|incl|all,carrier,payments,n/a,incl,all,159.44243103928596
2018-01,1075304.3900000032,7059,carrier|payments|incl|all,carrier,payments,n/a,incl,all,152.33098030882607
2018-05,1156487.179999994,6981,carrier|payments|incl|all,carrier,payments,n/a,incl,all,165.66210858043175
2017-12,924316.4899999991,6081,carrier|payments|incl|all,carrier,payments,n/a,incl,all,152.00073836540028
2018-08,1129248.9199999985,7058,carrier|payments|incl|all,carrier,payments,n/a,incl,all,159.99559648625652
2017-04,354715.38,2141,carrier|payments|incl|all,carrier,payments,n/a,incl,all,165.67743110695938
2017-03,437626.34000000026,2717,carrier|payments|incl|all,carrier,payments,n/a,incl,all,161.0696871549504
2017-01,97060.75999999986,612,carrier|payments|incl|all,carrier,payments,n/a,incl,all,158.59601307189521
2016-10,41597.57999999998,247,carrier|payments|incl|all,carrier,payments,n/a,incl,all,168.41125506072868
2016-11,6973.910000000001,32,carrier|payments|incl|all,carrier,payments,n/a,incl,all,217.93468750000002
2016-12,102.31,2,carrier|payments|incl|all,carrier,payments,n/a,incl,all,51.155
2017-11,1062151.5099999998,6637,carrier|payments|incl|all,carrier,payments,n/a,incl,all,160.0348817236703
2017-09,687533.0900000002,4131,carrier|payments|incl|all,carrier,payments,n/a,incl,all,166.43260469619952
2018-02,968729.8500000021,6605,carrier|payments|incl|all,carrier,payments,n/a,incl,all,146.66613928841818
2017-08,664341.330000002,4328,carrier|payments|incl|all,carrier,payments,n/a,incl,all,153.49845887245888
2017-07,553110.0000000029,3710,carrier|payments|incl|all,carrier,payments,n/a,incl,all,149.086253369273
2017-10,755433.2700000005,4482,carrier|payments|incl|all,carrier,payments,n/a,incl,all,168.5482530120483
2017-06,498790.72000000294,3263,carrier|payments|incl|all,carrier,payments,n/a,incl,all,152.86261722341493
2017-05,597431.9300000035,3709,carrier|payments|incl|all,carrier,payments,n/a,incl,all,161.07628201671704
2018-09,2664.08,3,carrier|payments|incl|all,carrier,payments,n/a,incl,all,888.0266666666666
2018-06,1004317.3799999966,6108,carrier|payments|excl|all,carrier,payments,n/a,excl,all,164.4265520628678
2017-02,254251.2999999999,1517,carrier|payments|excl|all,carrier,payments,n/a,excl,all,167.60138431114035
2018-07,966032.8299999996,6055,carrier|payments|excl|all,carrier,payments,n/a,excl,all,159.5429942196531
2018-04,1153637.4199999997,7002,carrier|payments|excl|all,carrier,payments,n/a,excl,all,164.75827192230787
2018-03,1121834.1599999948,7178,carrier|payments|excl|all,carrier,payments,n/a,excl,all,156.28784619671146
2018-01,1045613.7400000029,7059,carrier|payments|excl|all,carrier,payments,n/a,excl,all,148.12491004391597
2018-05,1135333.4399999934,6981,carrier|payments|excl|all,carrier,payments,n/a,excl,all,162.63192092823283
2017-12,903155.6999999989,6081,carrier|payments|excl|all,carrier,payments,n/a,excl,all,148.52091761223465
2018-08,1110005.1599999997,7058,carrier|payments|excl|all,carrier,payments,n/a,excl,all,157.26907905922354
2017-04,343900.47,2141,carrier|payments|excl|all,carrier,payments,n/a,excl,all,160.62609528257823
2017-03,426853.97000000015,2717,carrier|payments|excl|all,carrier,payments,n/a,excl,all,157.10488406330518
2017-01,93617.25999999991,612,carrier|payments|excl|all,carrier,payments,n/a,excl,all,152.96937908496716
2016-10,41157.379999999976,247,carrier|payments|excl|all,carrier,payments,n/a,excl,all,166.62906882591082
2016-11,6597.030000000001,32,carrier|payments|excl|all,carrier,payments,n/a,excl,all,206.15718750000002
2016-12,102.31,2,carrier|payments|excl|all,carrier,payments,n/a,excl,all,51.155
2017-11,1045602.3899999985,6637,carrier|payments|excl|all,carrier,payments,n/a,excl,all,157.54141780925093
2017-09,669822.4300000003,4131,carrier|payments|excl|all,carrier,payments,n/a,excl,all,162.14534737351738
2018-02,946179.6100000013,6605,carrier|payments|excl|all,carrier,payments,n/a,excl,all,143.25202271006833
2017-08,648584.3600000024,4328,carrier|payments|excl|all,carrier,payments,n/a,excl,all,149.85775415896543
2017-07,537729.4700000026,3710,carrier|payments|excl|all,carrier,payments,n/a,excl,all,144.94055795148319
2017-10,737212.430000001,4482,carrier|payments|excl|all,carrier,payments,n/a,excl,all,164.48291610888018
2017-06,484514.3000000027,3263,carrier|payments|excl|all,carrier,payments,n/a,excl,all,148.48737358259353
2017-05,582311.3900000039,3709,carrier|payments|excl|all,carrier,payments,n/a,excl,all,156.9995659207344
2018-09,2497.62,3,carrier|payments|excl|all,carrier,payments,n/a,excl,all,832.54
2018-06,1027482.659999996,6108,carrier|items|incl|ex_canceled,carrier,items,incl,n/a,ex_canceled,168.21916502946888
2017-02,258707.01999999984,1517,carrier|items|incl|ex_canceled,carrier,items,incl,n/a,ex_canceled,170.5385761371126
2018-07,985249.5999999996,6055,carrier|items|incl|ex_canceled,carrier,items,incl,n/a,ex_canceled,162.71669694467377
2018-04,1178969.1699999983,7002,carrier|items|incl|ex_canceled,carrier,items,incl,n/a,ex_canceled,168.37605969722912
2018-03,1144375.9299999946,7175,carrier|items|incl|ex_canceled,carrier,items,incl,n/a,ex_canceled,159.49490313588774
2018-01,1072124.4700000028,7040,carrier|items|incl|ex_canceled,carrier,items,incl,n/a,ex_canceled,152.29040767045493
2018-05,1156865.7599999942,6981,carrier|items|incl|ex_canceled,carrier,items,incl,n/a,ex_canceled,165.71633863343277
2017-12,924959.5699999995,6081,carrier|items|incl|ex_canceled,carrier,items,incl,n/a,ex_canceled,152.1064907087649
2018-08,1129392.7899999986,7058,carrier|items|incl|ex_canceled,carrier,items,incl,n/a,ex_canceled,160.0159804477187
2017-04,354580.1000000001,2141,carrier|items|incl|ex_canceled,carrier,items,incl,n/a,ex_canceled,165.61424567958903
2017-03,437575.6600000003,2717,carrier|items|incl|ex_canceled,carrier,items,incl,n/a,ex_canceled,161.0510342289291
2017-01,97011.20999999988,612,carrier|items|incl|ex_canceled,carrier,items,incl,n/a,ex_canceled,158.51504901960763
2016-10,40765.41999999998,242,carrier|items|incl|ex_canceled,carrier,items,incl,n/a,ex_canceled,168.4521487603305
2016-11,7091.260000000001,32,carrier|items|incl|ex_canceled,carrier,items,incl,n/a,ex_canceled,221.60187500000004
2016-12,102.31,2,carrier|items|incl|ex_canceled,carrier,items,incl,n/a,ex_canceled,51.155
2017-11,1063227.2900000005,6637,carrier|items|incl|ex_canceled,carrier,items,incl,n/a,ex_canceled,160.19697001657383
2017-09,687457.4900000002,4131,carrier|items|incl|ex_canceled,carrier,items,incl,n/a,ex_canceled,166.41430404260475
2018-02,964030.0900000016,6557,carrier|items|incl|ex_canceled,carrier,items,incl,n/a,ex_canceled,147.02304254994687
2017-08,664239.6000000021,4328,carrier|items|incl|ex_canceled,carrier,items,incl,n/a,ex_canceled,153.4749537892796
2017-07,553019.6400000028,3710,carrier|items|incl|ex_canceled,carrier,items,incl,n/a,ex_canceled,149.06189757412474
2017-10,755492.2800000006,4482,carrier|items|incl|ex_canceled,carrier,items,incl,n/a,ex_canceled,168.56141900937095
2017-06,498590.420000003,3263,carrier|items|incl|ex_canceled,carrier,items,incl,n/a,ex_canceled,152.80123199509745
2017-05,597231.1900000034,3709,carrier|items|incl|ex_canceled,carrier,items,incl,n/a,ex_canceled,161.0221596117561
2018-09,2664.08,3,carrier|items|incl|ex_canceled,carrier,items,incl,n/a,ex_canceled,888.0266666666666
2018-06,872653.7200000182,6108,carrier|items|excl|ex_canceled,carrier,items,excl,n/a,ex_canceled,142.87061558611956
2017-02,224591.1499999974,1517,carrier|items|excl|ex_canceled,carrier,items,excl,n/a,ex_canceled,148.04953856295148
2018-07,829624.9300000179,6055,carrier|items|excl|ex_canceled,carrier,items,excl,n/a,ex_canceled,137.0148521882771
2018-04,1012431.4400000273,7002,carrier|items|excl|ex_canceled,carrier,items,excl,n/a,ex_canceled,144.5917509283101
2018-03,973924.6300000276,7175,carrier|items|excl|ex_canceled,carrier,items,excl,n/a,ex_canceled,135.73862439024774
2018-01,920605.0900000294,7040,carrier|items|excl|ex_canceled,carrier,items,excl,n/a,ex_canceled,130.76776846591326
2018-05,1000893.9200000255,6981,carrier|items|excl|ex_canceled,carrier,items,excl,n/a,ex_canceled,143.37400372439845
2017-12,794342.3300000177,6081,carrier|items|excl|ex_canceled,carrier,items,excl,n/a,ex_canceled,130.62692484788977
2018-08,961126.7900000247,7058,carrier|items|excl|ex_canceled,carrier,items,excl,n/a,ex_canceled,136.1755157268383
2017-04,309157.9299999977,2141,carrier|items|excl|ex_canceled,carrier,items,excl,n/a,ex_canceled,144.39884633348797
2017-03,378570.46000000025,2717,carrier|items|excl|ex_canceled,carrier,items,excl,n/a,ex_canceled,139.3339933750461
2017-01,84469.34000000001,612,carrier|items|excl|ex_canceled,carrier,items,excl,n/a,ex_canceled,138.02179738562094
2016-10,35268.440000000104,242,carrier|items|excl|ex_canceled,carrier,items,excl,n/a,ex_canceled,145.73735537190126
2016-11,6103.09,32,carrier|items|excl|ex_canceled,carrier,items,excl,n/a,ex_canceled,190.7215625
2016-12,81.9,2,carrier|items|excl|ex_canceled,carrier,items,excl,n/a,ex_canceled,40.95
2017-11,911305.4000000217,6637,carrier|items|excl|ex_canceled,carrier,items,excl,n/a,ex_canceled,137.30682537291273
2017-09,594772.6900000117,4131,carrier|items|excl|ex_canceled,carrier,items,excl,n/a,ex_canceled,143.977896393128
2018-02,822657.5200000253,6557,carrier|items|excl|ex_canceled,carrier,items,excl,n/a,ex_canceled,125.4624858929427
2017-08,569314.2000000103,4328,carrier|items|excl|ex_canceled,carrier,items,excl,n/a,ex_canceled,131.54209796673067
2017-07,472529.42000000516,3710,carrier|items|excl|ex_canceled,carrier,items,excl,n/a,ex_canceled,127.36642048517659
2017-10,651867.2500000113,4482,carrier|items|excl|ex_canceled,carrier,items,excl,n/a,ex_canceled,145.441153502903
2017-06,426919.1500000035,3263,carrier|items|excl|ex_canceled,carrier,items,excl,n/a,ex_canceled,130.83639288997963
2017-05,516131.7700000076,3709,carrier|items|excl|ex_canceled,carrier,items,excl,n/a,ex_canceled,139.15658398490365
2018-09,2524.99,3,carrier|items|excl|ex_canceled,carrier,items,excl,n/a,ex_canceled,841.6633333333333
2018-06,1027328.9499999962,6108,carrier|payments|incl|ex_canceled,carrier,payments,n/a,incl,ex_canceled,168.19399967255995
2017-02,258761.04999999984,1517,carrier|payments|incl|ex_canceled,carrier,payments,n/a,incl,ex_canceled,170.574192485168
2018-07,985312.9199999998,6055,carrier|payments|incl|ex_canceled,carrier,payments,n/a,incl,ex_canceled,162.72715441783646
2018-04,1178655.679999998,7002,carrier|payments|incl|ex_canceled,carrier,payments,n/a,incl,ex_canceled,168.33128820337018
2018-03,1144278.9599999946,7175,carrier|payments|incl|ex_canceled,carrier,payments,n/a,incl,ex_canceled,159.48138815330935
2018-01,1072238.6900000027,7040,carrier|payments|incl|ex_canceled,carrier,payments,n/a,incl,ex_canceled,152.3066321022731
2018-05,1156487.179999994,6981,carrier|payments|incl|ex_canceled,carrier,payments,n/a,incl,ex_canceled,165.66210858043175
2017-12,924316.4899999991,6081,carrier|payments|incl|ex_canceled,carrier,payments,n/a,incl,ex_canceled,152.00073836540028
2018-08,1129248.9199999985,7058,carrier|payments|incl|ex_canceled,carrier,payments,n/a,incl,ex_canceled,159.99559648625652
2017-04,354715.38,2141,carrier|payments|incl|ex_canceled,carrier,payments,n/a,incl,ex_canceled,165.67743110695938
2017-03,437626.34000000026,2717,carrier|payments|incl|ex_canceled,carrier,payments,n/a,incl,ex_canceled,161.0696871549504
2017-01,97060.75999999986,612,carrier|payments|incl|ex_canceled,carrier,payments,n/a,incl,ex_canceled,158.59601307189521
2016-10,40893.089999999975,242,carrier|payments|incl|ex_canceled,carrier,payments,n/a,incl,ex_canceled,168.97971074380155
2016-11,6973.910000000001,32,carrier|payments|incl|ex_canceled,carrier,payments,n/a,incl,ex_canceled,217.93468750000002
2016-12,102.31,2,carrier|payments|incl|ex_canceled,carrier,payments,n/a,incl,ex_canceled,51.155
2017-11,1062151.5099999998,6637,carrier|payments|incl|ex_canceled,carrier,payments,n/a,incl,ex_canceled,160.0348817236703
2017-09,687533.0900000002,4131,carrier|payments|incl|ex_canceled,carrier,payments,n/a,incl,ex_canceled,166.43260469619952
2018-02,963831.1900000017,6557,carrier|payments|incl|ex_canceled,carrier,payments,n/a,incl,ex_canceled,146.9927085557422
2017-08,664341.330000002,4328,carrier|payments|incl|ex_canceled,carrier,payments,n/a,incl,ex_canceled,153.49845887245888
2017-07,553110.0000000029,3710,carrier|payments|incl|ex_canceled,carrier,payments,n/a,incl,ex_canceled,149.086253369273
2017-10,755433.2700000005,4482,carrier|payments|incl|ex_canceled,carrier,payments,n/a,incl,ex_canceled,168.5482530120483
2017-06,498790.72000000294,3263,carrier|payments|incl|ex_canceled,carrier,payments,n/a,incl,ex_canceled,152.86261722341493
2017-05,597431.9300000035,3709,carrier|payments|incl|ex_canceled,carrier,payments,n/a,incl,ex_canceled,161.07628201671704
2018-09,2664.08,3,carrier|payments|incl|ex_canceled,carrier,payments,n/a,incl,ex_canceled,888.0266666666666
2018-06,1004317.3799999966,6108,carrier|payments|excl|ex_canceled,carrier,payments,n/a,excl,ex_canceled,164.4265520628678
2017-02,254251.2999999999,1517,carrier|payments|excl|ex_canceled,carrier,payments,n/a,excl,ex_canceled,167.60138431114035
2018-07,966032.8299999996,6055,carrier|payments|excl|ex_canceled,carrier,payments,n/a,excl,ex_canceled,159.5429942196531
2018-04,1153637.4199999997,7002,carrier|payments|excl|ex_canceled,carrier,payments,n/a,excl,ex_canceled,164.75827192230787
2018-03,1121635.3499999947,7175,carrier|payments|excl|ex_canceled,carrier,payments,n/a,excl,ex_canceled,156.32548432055677
2018-01,1042584.9200000028,7040,carrier|payments|excl|ex_canceled,carrier,payments,n/a,excl,ex_canceled,148.09444886363676
2018-05,1135333.4399999934,6981,carrier|payments|excl|ex_canceled,carrier,payments,n/a,excl,ex_canceled,162.63192092823283
2017-12,903155.6999999989,6081,carrier|payments|excl|ex_canceled,carrier,payments,n/a,excl,ex_canceled,148.52091761223465
2018-08,1110005.1599999997,7058,carrier|payments|excl|ex_canceled,carrier,payments,n/a,excl,ex_canceled,157.26907905922354
2017-04,343900.47,2141,carrier|payments|excl|ex_canceled,carrier,payments,n/a,excl,ex_canceled,160.62609528257823
2017-03,426853.97000000015,2717,carrier|payments|excl|ex_canceled,carrier,payments,n/a,excl,ex_canceled,157.10488406330518
2017-01,93617.25999999991,612,carrier|payments|excl|ex_canceled,carrier,payments,n/a,excl,ex_canceled,152.96937908496716
2016-10,40452.889999999985,242,carrier|payments|excl|ex_canceled,carrier,payments,n/a,excl,ex_canceled,167.16070247933877
2016-11,6597.030000000001,32,carrier|payments|excl|ex_canceled,carrier,payments,n/a,excl,ex_canceled,206.15718750000002
2016-12,102.31,2,carrier|payments|excl|ex_canceled,carrier,payments,n/a,excl,ex_canceled,51.155
2017-11,1045602.3899999985,6637,carrier|payments|excl|ex_canceled,carrier,payments,n/a,excl,ex_canceled,157.54141780925093
2017-09,669822.4300000003,4131,carrier|payments|excl|ex_canceled,carrier,payments,n/a,excl,ex_canceled,162.14534737351738
2018-02,941393.0800000011,6557,carrier|payments|excl|ex_canceled,carrier,payments,n/a,excl,ex_canceled,143.57070001525105
2017-08,648584.3600000024,4328,carrier|payments|excl|ex_canceled,carrier,payments,n/a,excl,ex_canceled,149.85775415896543
2017-07,537729.4700000026,3710,carrier|payments|excl|ex_canceled,carrier,payments,n/a,excl,ex_canceled,144.94055795148319
2017-10,737212.430000001,4482,carrier|payments|excl|ex_canceled,carrier,payments,n/a,excl,ex_canceled,164.48291610888018
2017-06,484514.3000000027,3263,carrier|payments|excl|ex_canceled,carrier,payments,n/a,excl,ex_canceled,148.48737358259353
2017-05,582311.3900000039,3709,carrier|payments|excl|ex_canceled,carrier,payments,n/a,excl,ex_canceled,156.9995659207344
2018-09,2497.62,3,carrier|payments|excl|ex_canceled,carrier,payments,n/a,excl,ex_canceled,832.54
2018-06,1027482.659999996,6108,carrier|items|incl|ex_canceled_unavail,carrier,items,incl,n/a,ex_canceled_unavail,168.21916502946888
2017-02,258707.01999999984,1517,carrier|items|incl|ex_canceled_unavail,carrier,items,incl,n/a,ex_canceled_unavail,170.5385761371126
2018-07,985249.5999999996,6055,carrier|items|incl|ex_canceled_unavail,carrier,items,incl,n/a,ex_canceled_unavail,162.71669694467377
2018-04,1178969.1699999983,7002,carrier|items|incl|ex_canceled_unavail,carrier,items,incl,n/a,ex_canceled_unavail,168.37605969722912
2018-03,1144375.9299999946,7175,carrier|items|incl|ex_canceled_unavail,carrier,items,incl,n/a,ex_canceled_unavail,159.49490313588774
2018-01,1072124.4700000028,7040,carrier|items|incl|ex_canceled_unavail,carrier,items,incl,n/a,ex_canceled_unavail,152.29040767045493
2018-05,1156865.7599999942,6981,carrier|items|incl|ex_canceled_unavail,carrier,items,incl,n/a,ex_canceled_unavail,165.71633863343277
2017-12,924959.5699999995,6081,carrier|items|incl|ex_canceled_unavail,carrier,items,incl,n/a,ex_canceled_unavail,152.1064907087649
2018-08,1129392.7899999986,7058,carrier|items|incl|ex_canceled_unavail,carrier,items,incl,n/a,ex_canceled_unavail,160.0159804477187
2017-04,354580.1000000001,2141,carrier|items|incl|ex_canceled_unavail,carrier,items,incl,n/a,ex_canceled_unavail,165.61424567958903
2017-03,437575.6600000003,2717,carrier|items|incl|ex_canceled_unavail,carrier,items,incl,n/a,ex_canceled_unavail,161.0510342289291
2017-01,97011.20999999988,612,carrier|items|incl|ex_canceled_unavail,carrier,items,incl,n/a,ex_canceled_unavail,158.51504901960763
2016-10,40765.41999999998,242,carrier|items|incl|ex_canceled_unavail,carrier,items,incl,n/a,ex_canceled_unavail,168.4521487603305
2016-11,7091.260000000001,32,carrier|items|incl|ex_canceled_unavail,carrier,items,incl,n/a,ex_canceled_unavail,221.60187500000004
2016-12,102.31,2,carrier|items|incl|ex_canceled_unavail,carrier,items,incl,n/a,ex_canceled_unavail,51.155
2017-11,1063227.2900000005,6637,carrier|items|incl|ex_canceled_unavail,carrier,items,incl,n/a,ex_canceled_unavail,160.19697001657383
2017-09,687457.4900000002,4131,carrier|items|incl|ex_canceled_unavail,carrier,items,incl,n/a,ex_canceled_unavail,166.41430404260475
2018-02,964030.0900000016,6557,carrier|items|incl|ex_canceled_unavail,carrier,items,incl,n/a,ex_canceled_unavail,147.02304254994687
2017-08,664239.6000000021,4328,carrier|items|incl|ex_canceled_unavail,carrier,items,incl,n/a,ex_canceled_unavail,153.4749537892796
2017-07,553019.6400000028,3710,carrier|items|incl|ex_canceled_unavail,carrier,items,incl,n/a,ex_canceled_unavail,149.06189757412474
2017-10,755492.2800000006,4482,carrier|items|incl|ex_canceled_unavail,carrier,items,incl,n/a,ex_canceled_unavail,168.56141900937095
2017-06,498590.420000003,3263,carrier|items|incl|ex_canceled_unavail,carrier,items,incl,n/a,ex_canceled_unavail,152.80123199509745
2017-05,597231.1900000034,3709,carrier|items|incl|ex_canceled_unavail,carrier,items,incl,n/a,ex_canceled_unavail,161.0221596117561
2018-09,2664.08,3,carrier|items|incl|ex_canceled_unavail,carrier,items,incl,n/a,ex_canceled_unavail,888.0266666666666
2018-06,872653.7200000182,6108,carrier|items|excl|ex_canceled_unavail,carrier,items,excl,n/a,ex_canceled_unavail,142.87061558611956
2017-02,224591.1499999974,1517,carrier|items|excl|ex_canceled_unavail,carrier,items,excl,n/a,ex_canceled_unavail,148.04953856295148
2018-07,829624.9300000179,6055,carrier|items|excl|ex_canceled_unavail,carrier,items,excl,n/a,ex_canceled_unavail,137.0148521882771
2018-04,1012431.4400000273,7002,carrier|items|excl|ex_canceled_unavail,carrier,items,excl,n/a,ex_canceled_unavail,144.5917509283101
2018-03,973924.6300000276,7175,carrier|items|excl|ex_canceled_unavail,carrier,items,excl,n/a,ex_canceled_unavail,135.73862439024774
2018-01,920605.0900000294,7040,carrier|items|excl|ex_canceled_unavail,carrier,items,excl,n/a,ex_canceled_unavail,130.76776846591326
2018-05,1000893.9200000255,6981,carrier|items|excl|ex_canceled_unavail,carrier,items,excl,n/a,ex_canceled_unavail,143.37400372439845
2017-12,794342.3300000177,6081,carrier|items|excl|ex_canceled_unavail,carrier,items,excl,n/a,ex_canceled_unavail,130.62692484788977
2018-08,961126.7900000247,7058,carrier|items|excl|ex_canceled_unavail,carrier,items,excl,n/a,ex_canceled_unavail,136.1755157268383
2017-04,309157.9299999977,2141,carrier|items|excl|ex_canceled_unavail,carrier,items,excl,n/a,ex_canceled_unavail,144.39884633348797
2017-03,378570.46000000025,2717,carrier|items|excl|ex_canceled_unavail,carrier,items,excl,n/a,ex_canceled_unavail,139.3339933750461
2017-01,84469.34000000001,612,carrier|items|excl|ex_canceled_unavail,carrier,items,excl,n/a,ex_canceled_unavail,138.02179738562094
2016-10,35268.440000000104,242,carrier|items|excl|ex_canceled_unavail,carrier,items,excl,n/a,ex_canceled_unavail,145.73735537190126
2016-11,6103.09,32,carrier|items|excl|ex_canceled_unavail,carrier,items,excl,n/a,ex_canceled_unavail,190.7215625
2016-12,81.9,2,carrier|items|excl|ex_canceled_unavail,carrier,items,excl,n/a,ex_canceled_unavail,40.95
2017-11,911305.4000000217,6637,carrier|items|excl|ex_canceled_unavail,carrier,items,excl,n/a,ex_canceled_unavail,137.30682537291273
2017-09,594772.6900000117,4131,carrier|items|excl|ex_canceled_unavail,carrier,items,excl,n/a,ex_canceled_unavail,143.977896393128
2018-02,822657.5200000253,6557,carrier|items|excl|ex_canceled_unavail,carrier,items,excl,n/a,ex_canceled_unavail,125.4624858929427
2017-08,569314.2000000103,4328,carrier|items|excl|ex_canceled_unavail,carrier,items,excl,n/a,ex_canceled_unavail,131.54209796673067
2017-07,472529.42000000516,3710,carrier|items|excl|ex_canceled_unavail,carrier,items,excl,n/a,ex_canceled_unavail,127.36642048517659
2017-10,651867.2500000113,4482,carrier|items|excl|ex_canceled_unavail,carrier,items,excl,n/a,ex_canceled_unavail,145.441153502903
2017-06,426919.1500000035,3263,carrier|items|excl|ex_canceled_unavail,carrier,items,excl,n/a,ex_canceled_unavail,130.83639288997963
2017-05,516131.7700000076,3709,carrier|items|excl|ex_canceled_unavail,carrier,items,excl,n/a,ex_canceled_unavail,139.15658398490365
2018-09,2524.99,3,carrier|items|excl|ex_canceled_unavail,carrier,items,excl,n/a,ex_canceled_unavail,841.6633333333333
2018-06,1027328.9499999962,6108,carrier|payments|incl|ex_canceled_unavail,carrier,payments,n/a,incl,ex_canceled_unavail,168.19399967255995
2017-02,258761.04999999984,1517,carrier|payments|incl|ex_canceled_unavail,carrier,payments,n/a,incl,ex_canceled_unavail,170.574192485168
2018-07,985312.9199999998,6055,carrier|payments|incl|ex_canceled_unavail,carrier,payments,n/a,incl,ex_canceled_unavail,162.72715441783646
2018-04,1178655.679999998,7002,carrier|payments|incl|ex_canceled_unavail,carrier,payments,n/a,incl,ex_canceled_unavail,168.33128820337018
2018-03,1144278.9599999946,7175,carrier|payments|incl|ex_canceled_unavail,carrier,payments,n/a,incl,ex_canceled_unavail,159.48138815330935
2018-01,1072238.6900000027,7040,carrier|payments|incl|ex_canceled_unavail,carrier,payments,n/a,incl,ex_canceled_unavail,152.3066321022731
2018-05,1156487.179999994,6981,carrier|payments|incl|ex_canceled_unavail,carrier,payments,n/a,incl,ex_canceled_unavail,165.66210858043175
2017-12,924316.4899999991,6081,carrier|payments|incl|ex_canceled_unavail,carrier,payments,n/a,incl,ex_canceled_unavail,152.00073836540028
2018-08,1129248.9199999985,7058,carrier|payments|incl|ex_canceled_unavail,carrier,payments,n/a,incl,ex_canceled_unavail,159.99559648625652
2017-04,354715.38,2141,carrier|payments|incl|ex_canceled_unavail,carrier,payments,n/a,incl,ex_canceled_unavail,165.67743110695938
2017-03,437626.34000000026,2717,carrier|payments|incl|ex_canceled_unavail,carrier,payments,n/a,incl,ex_canceled_unavail,161.0696871549504
2017-01,97060.75999999986,612,carrier|payments|incl|ex_canceled_unavail,carrier,payments,n/a,incl,ex_canceled_unavail,158.59601307189521
2016-10,40893.089999999975,242,carrier|payments|incl|ex_canceled_unavail,carrier,payments,n/a,incl,ex_canceled_unavail,168.97971074380155
2016-11,6973.910000000001,32,carrier|payments|incl|ex_canceled_unavail,carrier,payments,n/a,incl,ex_canceled_unavail,217.93468750000002
2016-12,102.31,2,carrier|payments|incl|ex_canceled_unavail,carrier,payments,n/a,incl,ex_canceled_unavail,51.155
2017-11,1062151.5099999998,6637,carrier|payments|incl|ex_canceled_unavail,carrier,payments,n/a,incl,ex_canceled_unavail,160.0348817236703
2017-09,687533.0900000002,4131,carrier|payments|incl|ex_canceled_unavail,carrier,payments,n/a,incl,ex_canceled_unavail,166.43260469619952
2018-02,963831.1900000017,6557,carrier|payments|incl|ex_canceled_unavail,carrier,payments,n/a,incl,ex_canceled_unavail,146.9927085557422
2017-08,664341.330000002,4328,carrier|payments|incl|ex_canceled_unavail,carrier,payments,n/a,incl,ex_canceled_unavail,153.49845887245888
2017-07,553110.0000000029,3710,carrier|payments|incl|ex_canceled_unavail,carrier,payments,n/a,incl,ex_canceled_unavail,149.086253369273
2017-10,755433.2700000005,4482,carrier|payments|incl|ex_canceled_unavail,carrier,payments,n/a,incl,ex_canceled_unavail,168.5482530120483
2017-06,498790.72000000294,3263,carrier|payments|incl|ex_canceled_unavail,carrier,payments,n/a,incl,ex_canceled_unavail,152.86261722341493
2017-05,597431.9300000035,3709,carrier|payments|incl|ex_canceled_unavail,carrier,payments,n/a,incl,ex_canceled_unavail,161.07628201671704
2018-09,2664.08,3,carrier|payments|incl|ex_canceled_unavail,carrier,payments,n/a,incl,ex_canceled_unavail,888.0266666666666
2018-06,1004317.3799999966,6108,carrier|payments|excl|ex_canceled_unavail,carrier,payments,n/a,excl,ex_canceled_unavail,164.4265520628678
2017-02,254251.2999999999,1517,carrier|payments|excl|ex_canceled_unavail,carrier,payments,n/a,excl,ex_canceled_unavail,167.60138431114035
2018-07,966032.8299999996,6055,carrier|payments|excl|ex_canceled_unavail,carrier,payments,n/a,excl,ex_canceled_unavail,159.5429942196531
2018-04,1153637.4199999997,7002,carrier|payments|excl|ex_canceled_unavail,carrier,payments,n/a,excl,ex_canceled_unavail,164.75827192230787
2018-03,1121635.3499999947,7175,carrier|payments|excl|ex_canceled_unavail,carrier,payments,n/a,excl,ex_canceled_unavail,156.32548432055677
2018-01,1042584.9200000028,7040,carrier|payments|excl|ex_canceled_unavail,carrier,payments,n/a,excl,ex_canceled_unavail,148.09444886363676
2018-05,1135333.4399999934,6981,carrier|payments|excl|ex_canceled_unavail,carrier,payments,n/a,excl,ex_canceled_unavail,162.63192092823283
2017-12,903155.6999999989,6081,carrier|payments|excl|ex_canceled_unavail,carrier,payments,n/a,excl,ex_canceled_unavail,148.52091761223465
2018-08,1110005.1599999997,7058,carrier|payments|excl|ex_canceled_unavail,carrier,payments,n/a,excl,ex_canceled_unavail,157.26907905922354
2017-04,343900.47,2141,carrier|payments|excl|ex_canceled_unavail,carrier,payments,n/a,excl,ex_canceled_unavail,160.62609528257823
2017-03,426853.97000000015,2717,carrier|payments|excl|ex_canceled_unavail,carrier,payments,n/a,excl,ex_canceled_unavail,157.10488406330518
2017-01,93617.25999999991,612,carrier|payments|excl|ex_canceled_unavail,carrier,payments,n/a,excl,ex_canceled_unavail,152.96937908496716
2016-10,40452.889999999985,242,carrier|payments|excl|ex_canceled_unavail,carrier,payments,n/a,excl,ex_canceled_unavail,167.16070247933877
2016-11,6597.030000000001,32,carrier|payments|excl|ex_canceled_unavail,carrier,payments,n/a,excl,ex_canceled_unavail,206.15718750000002
2016-12,102.31,2,carrier|payments|excl|ex_canceled_unavail,carrier,payments,n/a,excl,ex_canceled_unavail,51.155
2017-11,1045602.3899999985,6637,carrier|payments|excl|ex_canceled_unavail,carrier,payments,n/a,excl,ex_canceled_unavail,157.54141780925093
2017-09,669822.4300000003,4131,carrier|payments|excl|ex_canceled_unavail,carrier,payments,n/a,excl,ex_canceled_unavail,162.14534737351738
2018-02,941393.0800000011,6557,carrier|payments|excl|ex_canceled_unavail,carrier,payments,n/a,excl,ex_canceled_unavail,143.57070001525105
2017-08,648584.3600000024,4328,carrier|payments|excl|ex_canceled_unavail,carrier,payments,n/a,excl,ex_canceled_unavail,149.85775415896543
2017-07,537729.4700000026,3710,carrier|payments|excl|ex_canceled_unavail,carrier,payments,n/a,excl,ex_canceled_unavail,144.94055795148319
2017-10,737212.430000001,4482,carrier|payments|excl|ex_canceled_unavail,carrier,payments,n/a,excl,ex_canceled_unavail,164.48291610888018
2017-06,484514.3000000027,3263,carrier|payments|excl|ex_canceled_unavail,carrier,payments,n/a,excl,ex_canceled_unavail,148.48737358259353
2017-05,582311.3900000039,3709,carrier|payments|excl|ex_canceled_unavail,carrier,payments,n/a,excl,ex_canceled_unavail,156.9995659207344
2018-09,2497.62,3,carrier|payments|excl|ex_canceled_unavail,carrier,payments,n/a,excl,ex_canceled_unavail,832.54
2018-06,1019670.899999996,6068,carrier|items|incl|delivered_only,carrier,items,incl,n/a,delivered_only,168.04068885959063
2017-02,253990.41999999987,1497,carrier|items|incl|delivered_only,carrier,items,incl,n/a,delivered_only,169.66627922511682
2018-07,975680.6399999993,5989,carrier|items|incl|delivered_only,carrier,items,incl,n/a,delivered_only,162.91211220571034
2018-04,1158052.1699999997,6895,carrier|items|incl|delivered_only,carrier,items,incl,n/a,delivered_only,167.95535460478604
2018-03,1123453.3399999943,7042,carrier|items|incl|delivered_only,carrier,items,incl,n/a,delivered_only,159.5361175802321
2018-01,1060105.1600000032,6965,carrier|items|incl|delivered_only,carrier,items,incl,n/a,delivered_only,152.20461737257762
2018-05,1147974.129999994,6925,carrier|items|incl|delivered_only,carrier,items,incl,n/a,delivered_only,165.77243754512548
2017-12,916184.9299999996,6019,carrier|items|incl|delivered_only,carrier,items,incl,n/a,delivered_only,152.21547266987864
2018-08,1120936.7999999993,7010,carrier|items|incl|delivered_only,carrier,items,incl,n/a,delivered_only,159.90539229671887
2017-04,349151.7100000001,2098,carrier|items|incl|delivered_only,carrier,items,incl,n/a,delivered_only,166.42121544327935
2017-03,432259.57000000036,2668,carrier|items|incl|delivered_only,carrier,items,incl,n/a,delivered_only,162.0163305847078
2017-01,95368.6199999999,601,carrier|items|incl|delivered_only,carrier,items,incl,n/a,delivered_only,158.6832279534108
2016-10,39937.25999999998,236,carrier|items|incl|delivered_only,carrier,items,incl,n/a,delivered_only,169.2256779661016
2016-11,6614.170000000001,29,carrier|items|incl|delivered_only,carrier,items,incl,n/a,delivered_only,228.07482758620694
2016-12,102.31,2,carrier|items|incl|delivered_only,carrier,items,incl,n/a,delivered_only,51.155
2017-11,1056646.619999999,6575,carrier|items|incl|delivered_only,carrier,items,incl,n/a,delivered_only,160.70671026615955
2017-09,680924.9000000004,4095,carrier|items|incl|delivered_only,carrier,items,incl,n/a,delivered_only,166.28202686202695
2018-02,954126.0900000008,6507,carrier|items|incl|delivered_only,carrier,items,incl,n/a,delivered_only,146.63071922544964
2017-08,658773.4400000023,4287,carrier|items|incl|delivered_only,carrier,items,incl,n/a,delivered_only,153.66770235596042
2017-07,545204.2600000026,3658,carrier|items|incl|delivered_only,carrier,items,incl,n/a,delivered_only,149.04435757244465
2017-10,746604.5600000003,4445,carrier|items|incl|delivered_only,carrier,items,incl,n/a,delivered_only,167.96503037120365
2017-06,491114.2100000028,3209,carrier|items|incl|delivered_only,carrier,items,incl,n/a,delivered_only,153.04275786849573
2017-05,588701.8400000036,3654,carrier|items|incl|delivered_only,carrier,items,incl,n/a,delivered_only,161.11161466885702
2018-09,2497.62,2,carrier|items|incl|delivered_only,carrier,items,incl,n/a,delivered_only,1248.81
2018-06,865955.4700000181,6068,carrier|items|excl|delivered_only,carrier,items,excl,n/a,delivered_only,142.70854812129502
2017-02,220506.2399999976,1497,carrier|items|excl|delivered_only,carrier,items,excl,n/a,delivered_only,147.29875751502846
2018-07,821705.8400000175,5989,carrier|items|excl|delivered_only,carrier,items,excl,n/a,delivered_only,137.2025112706658
2018-04,994559.4100000256,6895,carrier|items|excl|delivered_only,carrier,items,excl,n/a,delivered_only,144.24356925308567
2018-03,956509.2200000269,7042,carrier|items|excl|delivered_only,carrier,items,excl,n/a,delivered_only,135.8291990911711
2018-01,910441.7500000288,6965,carrier|items|excl|delivered_only,carrier,items,excl,n/a,delivered_only,130.71669059584045
2018-05,993080.0600000254,6925,carrier|items|excl|delivered_only,carrier,items,excl,n/a,delivered_only,143.40506281588816
2017-12,786724.2200000176,6019,carrier|items|excl|delivered_only,carrier,items,excl,n/a,delivered_only,130.7067984715098
2018-08,953520.2300000244,7010,carrier|items|excl|delivered_only,carrier,items,excl,n/a,delivered_only,136.02285734665114
2017-04,304738.02999999776,2098,carrier|items|excl|delivered_only,carrier,items,excl,n/a,delivered_only,145.25168255481304
2017-03,374246.05000000005,2668,carrier|items|excl|delivered_only,carrier,items,excl,n/a,delivered_only,140.27213268365819
2017-01,83129.05000000008,601,carrier|items|excl|delivered_only,carrier,items,excl,n/a,delivered_only,138.3178868552414
2016-10,34625.88000000011,236,carrier|items|excl|delivered_only,carrier,items,excl,n/a,delivered_only,146.71983050847504
2016-11,5763.200000000001,29,carrier|items|excl|delivered_only,carrier,items,excl,n/a,delivered_only,198.73103448275864
2016-12,81.9,2,carrier|items|excl|delivered_only,carrier,items,excl,n/a,delivered_only,40.95
2017-11,905887.3100000216,6575,carrier|items|excl|delivered_only,carrier,items,excl,n/a,delivered_only,137.77753764258884
2017-09,589145.9200000116,4095,carrier|items|excl|delivered_only,carrier,items,excl,n/a,delivered_only,143.86957753358035
2018-02,814273.9500000249,6507,carrier|items|excl|delivered_only,carrier,items,excl,n/a,delivered_only,125.138151221765
2017-08,564745.4300000097,4287,carrier|items|excl|delivered_only,carrier,items,excl,n/a,delivered_only,131.73441334266613
2017-07,465888.46000000474,3658,carrier|items|excl|delivered_only,carrier,items,excl,n/a,delivered_only,127.36152542373011
2017-10,643820.340000011,4445,carrier|items|excl|delivered_only,carrier,items,excl,n/a,delivered_only,144.84147131608796
2017-06,420627.4400000034,3209,carrier|items|excl|delivered_only,carrier,items,excl,n/a,delivered_only,131.0774197569347
2017-05,508784.7200000069,3654,carrier|items|excl|delivered_only,carrier,items,excl,n/a,delivered_only,139.24048166393183
2018-09,2379.99,2,carrier|items|excl|delivered_only,carrier,items,excl,n/a,delivered_only,1189.995
2018-06,1019517.1899999962,6068,carrier|payments|incl|delivered_only,carrier,payments,n/a,incl,delivered_only,168.01535761371065
2017-02,254043.52999999988,1497,carrier|payments|incl|delivered_only,carrier,payments,n/a,incl,delivered_only,169.7017568470273
2018-07,975743.9599999995,5989,carrier|payments|incl|delivered_only,carrier,payments,n/a,incl,delivered_only,162.92268492235758
2018-04,1157738.6799999997,6895,carrier|payments|incl|delivered_only,carrier,payments,n/a,incl,delivered_only,167.90988832487307
2018-03,1123356.3799999943,7042,carrier|payments|incl|delivered_only,carrier,payments,n/a,incl,delivered_only,159.52234876455472
2018-01,1060219.3800000034,6965,carrier|payments|incl|delivered_only,carrier,payments,n/a,incl,delivered_only,152.22101651112754
2018-05,1147595.5499999938,6925,carrier|payments|incl|delivered_only,carrier,payments,n/a,incl,delivered_only,165.7177689530677
2017-12,915541.8499999992,6019,carrier|payments|incl|delivered_only,carrier,payments,n/a,incl,delivered_only,152.1086310018274
2018-08,1120792.929999999,7010,carrier|payments|incl|delivered_only,carrier,payments,n/a,incl,delivered_only,159.8848687589157
2017-04,349287.00000000006,2098,carrier|payments|incl|delivered_only,carrier,payments,n/a,incl,delivered_only,166.4857006673022
2017-03,432310.2500000003,2668,carrier|payments|incl|delivered_only,carrier,payments,n/a,incl,delivered_only,162.03532608695664
2017-01,95418.16999999988,601,carrier|payments|incl|delivered_only,carrier,payments,n/a,incl,delivered_only,158.7656738768717
2016-10,40064.92999999998,236,carrier|payments|incl|delivered_only,carrier,payments,n/a,incl,delivered_only,169.76665254237278
2016-11,6419.090000000001,29,carrier|payments|incl|delivered_only,carrier,payments,n/a,incl,delivered_only,221.3479310344828
2016-12,102.31,2,carrier|payments|incl|delivered_only,carrier,payments,n/a,incl,delivered_only,51.155
2017-11,1055570.839999999,6575,carrier|payments|incl|delivered_only,carrier,payments,n/a,incl,delivered_only,160.54309353612152
2017-09,681000.5000000005,4095,carrier|payments|incl|delivered_only,carrier,payments,n/a,incl,delivered_only,166.30048840048852
2018-02,953927.190000001,6507,carrier|payments|incl|delivered_only,carrier,payments,n/a,incl,delivered_only,146.60015214384524
2017-08,658875.1700000024,4287,carrier|payments|incl|delivered_only,carrier,payments,n/a,incl,delivered_only,153.69143223699612
2017-07,545294.6200000026,3658,carrier|payments|incl|delivered_only,carrier,payments,n/a,incl,delivered_only,149.06905959540802
2017-10,746539.5600000002,4445,carrier|payments|incl|delivered_only,carrier,payments,n/a,incl,delivered_only,167.95040719910014
2017-06,491314.5100000028,3209,carrier|payments|incl|delivered_only,carrier,payments,n/a,incl,delivered_only,153.10517606731156
2017-05,588902.5800000036,3654,carrier|payments|incl|delivered_only,carrier,payments,n/a,incl,delivered_only,161.1665517241389
2018-09,2497.62,2,carrier|payments|incl|delivered_only,carrier,payments,n/a,incl,delivered_only,1248.81
2018-06,996651.1699999969,6068,carrier|payments|excl|delivered_only,carrier,payments,n/a,excl,delivered_only,164.24706163480502
2017-02,249705.07999999993,1497,carrier|payments|excl|delivered_only,carrier,payments,n/a,excl,delivered_only,166.80366065464258
2018-07,956706.3299999996,5989,carrier|payments|excl|delivered_only,carrier,payments,n/a,excl,delivered_only,159.7439188512272
2018-04,1132900.389999999,6895,carrier|payments|excl|delivered_only,carrier,payments,n/a,excl,delivered_only,164.3075257432921
2018-03,1101210.6999999955,7042,carrier|payments|excl|delivered_only,carrier,payments,n/a,excl,delivered_only,156.37754899176306
2018-01,1030790.2700000028,6965,carrier|payments|excl|delivered_only,carrier,payments,n/a,excl,delivered_only,147.99573151471685
2018-05,1126441.8099999935,6925,carrier|payments|excl|delivered_only,carrier,payments,n/a,excl,delivered_only,162.66307725631677
2017-12,894676.4199999986,6019,carrier|payments|excl|delivered_only,carrier,payments,n/a,excl,delivered_only,148.64203688320296
2018-08,1101608.0300000003,7010,carrier|payments|excl|delivered_only,carrier,payments,n/a,excl,delivered_only,157.14807845934382
2017-04,339233.0199999998,2098,carrier|payments|excl|delivered_only,carrier,payments,n/a,excl,delivered_only,161.69352716873203
2017-03,421772.2500000002,2668,carrier|payments|excl|delivered_only,carrier,payments,n/a,excl,delivered_only,158.0855509745128
2017-01,91974.6699999999,601,carrier|payments|excl|delivered_only,carrier,payments,n/a,excl,delivered_only,153.0360565723792
2016-10,39723.27999999998,236,carrier|payments|excl|delivered_only,carrier,payments,n/a,excl,delivered_only,168.31898305084735
2016-11,6042.210000000001,29,carrier|payments|excl|delivered_only,carrier,payments,n/a,excl,delivered_only,208.35206896551728
2016-12,102.31,2,carrier|payments|excl|delivered_only,carrier,payments,n/a,excl,delivered_only,51.155
2017-11,1039021.7199999988,6575,carrier|payments|excl|delivered_only,carrier,payments,n/a,excl,delivered_only,158.02611711026597
2017-09,663317.9300000006,4095,carrier|payments|excl|delivered_only,carrier,payments,n/a,excl,delivered_only,161.98240048840066
2018-02,931803.3900000007,6507,carrier|payments|excl|delivered_only,carrier,payments,n/a,excl,delivered_only,143.2001521438452
2017-08,643238.1900000026,4287,carrier|payments|excl|delivered_only,carrier,payments,n/a,excl,delivered_only,150.04389783065142
2017-07,530209.8700000022,3658,carrier|payments|excl|delivered_only,carrier,payments,n/a,excl,delivered_only,144.9452897758344
2017-10,728393.4100000012,4445,carrier|payments|excl|delivered_only,carrier,payments,n/a,excl,delivered_only,163.86803374578204
2017-06,477182.5200000025,3209,carrier|payments|excl|delivered_only,carrier,payments,n/a,excl,delivered_only,148.70131505141867
2017-05,573858.0100000041,3654,carrier|payments|excl|delivered_only,carrier,payments,n/a,excl,delivered_only,157.04926382047182
2018-09,2497.62,2,carrier|payments|excl|delivered_only,carrier,payments,n/a,excl,delivered_only,1248.81
2018-06,1171634.0099999902,6829,delivered|items|incl|all,delivered,items,incl,n/a,all,171.5674344706385
2017-02,228077.4099999997,1351,delivered|items|incl|all,delivered,items,incl,n/a,all,168.82117690599534
2018-07,947873.6299999977,5839,delivered|items|incl|all,delivered,items,incl,n/a,all,162.33492550094155
2018-05,1170826.6799999964,7111,delivered|items|incl|all,delivered,items,incl,n/a,all,164.65007453241407
2018-03,1044028.0999999993,6825,delivered|items|incl|all,delivered,items,incl,n/a,all,152.9711501831501
2018-01,993541.4200000019,6597,delivered|items|incl|all,delivered,items,incl,n/a,all,150.6050356222528
2018-04,1300846.0199999881,7850,delivered|items|incl|all,delivered,items,incl,n/a,all,165.7128687898074
2018-08,1347360.600000003,8314,delivered|items|incl|all,delivered,items,incl,n/a,all,162.05924945874463
2017-04,307684.27999999985,1849,delivered|items|incl|all,delivered,items,incl,n/a,all,166.4057760951865
2017-12,1103411.3600000034,7205,delivered|items|incl|all,delivered,items,incl,n/a,all,153.14522692574647
2017-03,387208.4399999997,2382,delivered|items|incl|all,delivered,items,incl,n/a,all,162.55602015113337
2017-01,38697.019999999975,283,delivered|items|incl|all,delivered,items,incl,n/a,all,136.73858657243807
2016-10,34826.11,208,delivered|items|incl|all,delivered,items,incl,n/a,all,167.43322115384615
2016-11,11571.269999999999,60,delivered|items|incl|all,delivered,items,incl,n/a,all,192.85449999999997
2016-12,960.85,4,delivered|items|incl|all,delivered,items,incl,n/a,all,240.2125
2017-11,755551.3499999983,4670,delivered|items|incl|all,delivered,items,incl,n/a,all,161.78829764453926
2017-09,670118.3600000005,3965,delivered|items|incl|all,delivered,items,incl,n/a,all,169.00841361916784
2018-02,875446.0099999998,5850,delivered|items|incl|all,delivered,items,incl,n/a,all,149.64889059829056
2017-08,627308.6200000023,4302,delivered|items|incl|all,delivered,items,incl,n/a,all,145.81790330079087
2017-07,531115.5800000024,3455,delivered|items|incl|all,delivered,items,incl,n/a,all,153.7237568740962
2017-10,759839.3500000004,4494,delivered|items|incl|all,delivered,items,incl,n/a,all,169.07862705830004
2017-06,502044.5500000035,3223,delivered|items|incl|all,delivered,items,incl,n/a,all,155.76932981694182
2017-05,600639.1600000027,3751,delivered|items|incl|all,delivered,items,incl,n/a,all,160.1277419354846
2018-09,12875.18,56,delivered|items|incl|all,delivered,items,incl,n/a,all,229.91392857142858
2018-10,347.95,3,delivered|items|incl|all,delivered,items,incl,n/a,all,115.98333333333333
2018-06,1003232.4400000237,6829,delivered|items|excl|all,delivered,items,excl,n/a,all,146.9076643725324
2017-02,198909.2899999979,1351,delivered|items|excl|all,delivered,items,excl,n/a,all,147.23115470022051
2018-07,796428.8500000181,5839,delivered|items|excl|all,delivered,items,excl,n/a,all,136.39815893132698
2018-05,1008601.5600000254,7111,delivered|items|excl|all,delivered,items,excl,n/a,all,141.8368105751688
2018-03,892130.1000000254,6825,delivered|items|excl|all,delivered,items,excl,n/a,all,130.71503296703668
2018-01,851118.1200000233,6597,delivered|items|excl|all,delivered,items,excl,n/a,all,129.01593451569246
2018-04,1111972.4800000158,7850,delivered|items|excl|all,delivered,items,excl,n/a,all,141.65254522293196
2018-08,1141791.540000007,8314,delivered|items|excl|all,delivered,items,excl,n/a,all,137.33359874909874
2017-04,268687.2299999962,1849,delivered|items|excl|all,delivered,items,excl,n/a,all,145.314889129257
2017-12,944992.9000000241,7205,delivered|items|excl|all,delivered,items,excl,n/a,all,131.1579319916758
2017-03,335886.2099999984,2382,delivered|items|excl|all,delivered,items,excl,n/a,all,141.01016372795902
2017-01,33599.1200000001,283,delivered|items|excl|all,delivered,items,excl,n/a,all,118.72480565371059
2016-10,30334.13000000009,208,delivered|items|excl|all,delivered,items,excl,n/a,all,145.8371634615389
2016-11,9994.179999999995,60,delivered|items|excl|all,delivered,items,excl,n/a,all,166.5696666666666
2016-12,758.86,4,delivered|items|excl|all,delivered,items,excl,n/a,all,189.715
2017-11,651457.5200000119,4670,delivered|items|excl|all,delivered,items,excl,n/a,all,139.49839828694044
2017-09,580268.360000011,3965,delivered|items|excl|all,delivered,items,excl,n/a,all,146.3476317780608
2018-02,749970.5600000222,5850,delivered|items|excl|all,delivered,items,excl,n/a,all,128.2000957264995
2017-08,535529.9300000075,4302,delivered|items|excl|all,delivered,items,excl,n/a,all,124.48394467689621
2017-07,455000.9900000046,3455,delivered|items|excl|all,delivered,items,excl,n/a,all,131.6934848046323
2017-10,657565.2700000126,4494,delivered|items|excl|all,delivered,items,excl,n/a,all,146.32070983533882
2017-06,430779.580000004,3223,delivered|items|excl|all,delivered,items,excl,n/a,all,133.65795221843126
2017-05,520141.4500000065,3751,delivered|items|excl|all,delivered,items,excl,n/a,all,138.66740869101744
2018-09,11469.039999999995,56,delivered|items|excl|all,delivered,items,excl,n/a,all,204.80428571428564
2018-10,275.4,3,delivered|items|excl|all,delivered,items,excl,n/a,all,91.8
2018-06,1171086.6699999906,6829,delivered|payments|incl|all,delivered,payments,n/a,incl,all,171.48728510762786
2017-02,228152.24999999974,1351,delivered|payments|incl|all,delivered,payments,n/a,incl,all,168.87657290895615
2018-07,948000.6399999978,5839,delivered|payments|incl|all,delivered,payments,n/a,incl,all,162.35667751327244
2018-05,1170501.1399999964,7111,delivered|payments|incl|all,delivered,payments,n/a,incl,all,164.60429475460504
2018-03,1043798.6999999994,6825,delivered|payments|incl|all,delivered,payments,n/a,incl,all,152.93753846153837
2018-01,993588.7400000021,6597,delivered|payments|incl|all,delivered,payments,n/a,incl,all,150.61220857965773
2018-04,1300791.6699999885,7850,delivered|payments|incl|all,delivered,payments,n/a,incl,all,165.70594522292848
2018-08,1347216.730000003,8314,delivered|payments|incl|all,delivered,payments,n/a,incl,all,162.04194491219667
2017-04,307722.83999999985,1849,delivered|payments|incl|all,delivered,payments,n/a,incl,all,166.42663061114106
2017-12,1102232.6200000027,7205,delivered|payments|incl|all,delivered,payments,n/a,incl,all,152.98162664816138
2017-03,387275.31999999966,2382,delivered|payments|incl|all,delivered,payments,n/a,incl,all,162.58409739714511
2017-01,38708.62999999998,283,delivered|payments|incl|all,delivered,payments,n/a,incl,all,136.77961130742042
2016-10,34953.78,208,delivered|payments|incl|all,delivered,payments,n/a,incl,all,168.04701923076922
2016-11,11376.189999999999,60,delivered|payments|incl|all,delivered,payments,n/a,incl,all,189.60316666666665
2016-12,960.85,4,delivered|payments|incl|all,delivered,payments,n/a,incl,all,240.2125
2017-11,754862.9599999982,4670,delivered|payments|incl|all,delivered,payments,n/a,incl,all,161.64089079229083
2017-09,670205.7700000005,3965,delivered|payments|incl|all,delivered,payments,n/a,incl,all,169.03045901639356
2018-02,875514.1899999996,5850,delivered|payments|incl|all,delivered,payments,n/a,incl,all,149.66054529914524
2017-08,627367.1900000024,4302,delivered|payments|incl|all,delivered,payments,n/a,incl,all,145.83151789865235
2017-07,531271.7100000023,3455,delivered|payments|incl|all,delivered,payments,n/a,incl,all,153.76894645441456
2017-10,759903.9800000003,4494,delivered|payments|incl|all,delivered,payments,n/a,incl,all,169.0930084557188
2017-06,502197.97000000346,3223,delivered|payments|incl|all,delivered,payments,n/a,incl,all,155.81693143034548
2017-05,600917.7600000028,3751,delivered|payments|incl|all,delivered,payments,n/a,incl,all,160.20201546254407
2018-09,12875.18,56,delivered|payments|incl|all,delivered,payments,n/a,incl,all,229.91392857142858
2018-10,347.95,3,delivered|payments|incl|all,delivered,payments,n/a,incl,all,115.98333333333333
2018-06,1149610.259999992,6829,delivered|payments|excl|all,delivered,payments,n/a,excl,all,168.34240152291582
2017-02,222961.69999999972,1351,delivered|payments|excl|all,delivered,payments,n/a,excl,all,165.03456698741653
2018-07,925116.9599999979,5839,delivered|payments|excl|all,delivered,payments,n/a,excl,all,158.4375680767251
2018-05,1148480.489999997,7111,delivered|payments|excl|all,delivered,payments,n/a,excl,all,161.5075924623818
2018-03,1023556.7699999993,6825,delivered|payments|excl|all,delivered,payments,n/a,excl,all,149.97168791208782
2018-01,966707.5000000024,6597,delivered|payments|excl|all,delivered,payments,n/a,excl,all,146.5374412611797
2018-04,1272597.2999999898,7850,delivered|payments|excl|all,delivered,payments,n/a,excl,all,162.1143057324828
2018-08,1323721.5600000026,8314,delivered|payments|excl|all,delivered,payments,n/a,excl,all,159.2159682463318
2017-04,299341.18999999965,1849,delivered|payments|excl|all,delivered,payments,n/a,excl,all,161.8935586803676
2017-12,1085491.930000001,7205,delivered|payments|excl|all,delivered,payments,n/a,excl,all,150.65814434420557
2017-03,378312.0399999995,2382,delivered|payments|excl|all,delivered,payments,n/a,excl,all,158.82117548278737
2017-01,37388.94999999999,283,delivered|payments|excl|all,delivered,payments,n/a,excl,all,132.1164310954063
2016-10,34701.27,208,delivered|payments|excl|all,delivered,payments,n/a,excl,all,166.83302884615384
2016-11,10910.17,60,delivered|payments|excl|all,delivered,payments,n/a,excl,all,181.83616666666666
2016-12,960.85,4,delivered|payments|excl|all,delivered,payments,n/a,excl,all,240.2125
2017-11,737967.0899999989,4670,delivered|payments|excl|all,delivered,payments,n/a,excl,all,158.02293147751584
2017-09,653623.5400000007,3965,delivered|payments|excl|all,delivered,payments,n/a,excl,all,164.84830769230788
2018-02,851023.9300000002,5850,delivered|payments|excl|all,delivered,payments,n/a,excl,all,145.4741760683761
2017-08,610327.7700000022,4302,delivered|payments|excl|all,delivered,payments,n/a,excl,all,141.87070432357095
2017-07,515992.56000000203,3455,delivered|payments|excl|all,delivered,payments,n/a,excl,all,149.3466164978298
2017-10,742369.190000001,4494,delivered|payments|excl|all,delivered,payments,n/a,excl,all,165.1911860258124
2017-06,488669.4500000034,3223,delivered|payments|excl|all,delivered,payments,n/a,excl,all,151.619438411419
2017-05,585762.6400000026,3751,delivered|payments|excl|all,delivered,payments,n/a,excl,all,156.16172753932352
2018-09,12875.18,56,delivered|payments|excl|all,delivered,payments,n/a,excl,all,229.91392857142858
2018-10,347.95,3,delivered|payments|excl|all,delivered,payments,n/a,excl,all,115.98333333333333
2018-06,1171634.0099999902,6829,delivered|items|incl|ex_canceled,delivered,items,incl,n/a,ex_canceled,171.5674344706385
2017-02,228077.4099999997,1351,delivered|items|incl|ex_canceled,delivered,items,incl,n/a,ex_canceled,168.82117690599534
2018-07,947873.6299999977,5839,delivered|items|incl|ex_canceled,delivered,items,incl,n/a,ex_canceled,162.33492550094155
2018-05,1170826.6799999964,7111,delivered|items|incl|ex_canceled,delivered,items,incl,n/a,ex_canceled,164.65007453241407
2018-03,1043984.0099999992,6824,delivered|items|incl|ex_canceled,delivered,items,incl,n/a,ex_canceled,152.98710580304794
2018-01,993541.4200000019,6597,delivered|items|incl|ex_canceled,delivered,items,incl,n/a,ex_canceled,150.6050356222528
2018-04,1300846.0199999881,7850,delivered|items|incl|ex_canceled,delivered,items,incl,n/a,ex_canceled,165.7128687898074
2018-08,1347360.600000003,8314,delivered|items|incl|ex_canceled,delivered,items,incl,n/a,ex_canceled,162.05924945874463
2017-04,307684.27999999985,1849,delivered|items|incl|ex_canceled,delivered,items,incl,n/a,ex_canceled,166.4057760951865
2017-12,1103411.3600000034,7205,delivered|items|incl|ex_canceled,delivered,items,incl,n/a,ex_canceled,153.14522692574647
2017-03,387208.4399999997,2382,delivered|items|incl|ex_canceled,delivered,items,incl,n/a,ex_canceled,162.55602015113337
2017-01,38697.019999999975,283,delivered|items|incl|ex_canceled,delivered,items,incl,n/a,ex_canceled,136.73858657243807
2016-10,34310.74,205,delivered|items|incl|ex_canceled,delivered,items,incl,n/a,ex_canceled,167.36946341463414
2016-11,11382.149999999998,58,delivered|items|incl|ex_canceled,delivered,items,incl,n/a,ex_canceled,196.24396551724135
2016-12,960.85,4,delivered|items|incl|ex_canceled,delivered,items,incl,n/a,ex_canceled,240.2125
2017-11,755551.3499999983,4670,delivered|items|incl|ex_canceled,delivered,items,incl,n/a,ex_canceled,161.78829764453926
2017-09,670118.3600000005,3965,delivered|items|incl|ex_canceled,delivered,items,incl,n/a,ex_canceled,169.00841361916784
2018-02,875446.0099999998,5850,delivered|items|incl|ex_canceled,delivered,items,incl,n/a,ex_canceled,149.64889059829056
2017-08,627308.6200000023,4302,delivered|items|incl|ex_canceled,delivered,items,incl,n/a,ex_canceled,145.81790330079087
2017-07,531115.5800000024,3455,delivered|items|incl|ex_canceled,delivered,items,incl,n/a,ex_canceled,153.7237568740962
2017-10,759839.3500000004,4494,delivered|items|incl|ex_canceled,delivered,items,incl,n/a,ex_canceled,169.07862705830004
2017-06,502044.5500000035,3223,delivered|items|incl|ex_canceled,delivered,items,incl,n/a,ex_canceled,155.76932981694182
2017-05,600639.1600000027,3751,delivered|items|incl|ex_canceled,delivered,items,incl,n/a,ex_canceled,160.1277419354846
2018-09,12875.18,56,delivered|items|incl|ex_canceled,delivered,items,incl,n/a,ex_canceled,229.91392857142858
2018-10,347.95,3,delivered|items|incl|ex_canceled,delivered,items,incl,n/a,ex_canceled,115.98333333333333
2018-06,1003232.4400000237,6829,delivered|items|excl|ex_canceled,delivered,items,excl,n/a,ex_canceled,146.9076643725324
2017-02,198909.2899999979,1351,delivered|items|excl|ex_canceled,delivered,items,excl,n/a,ex_canceled,147.23115470022051
2018-07,796428.8500000181,5839,delivered|items|excl|ex_canceled,delivered,items,excl,n/a,ex_canceled,136.39815893132698
2018-05,1008601.5600000254,7111,delivered|items|excl|ex_canceled,delivered,items,excl,n/a,ex_canceled,141.8368105751688
2018-03,892100.1100000254,6824,delivered|items|excl|ex_canceled,delivered,items,excl,n/a,ex_canceled,130.7297933763226
2018-01,851118.1200000233,6597,delivered|items|excl|ex_canceled,delivered,items,excl,n/a,ex_canceled,129.01593451569246
2018-04,1111972.4800000158,7850,delivered|items|excl|ex_canceled,delivered,items,excl,n/a,ex_canceled,141.65254522293196
2018-08,1141791.540000007,8314,delivered|items|excl|ex_canceled,delivered,items,excl,n/a,ex_canceled,137.33359874909874
2017-04,268687.2299999962,1849,delivered|items|excl|ex_canceled,delivered,items,excl,n/a,ex_canceled,145.314889129257
2017-12,944992.9000000241,7205,delivered|items|excl|ex_canceled,delivered,items,excl,n/a,ex_canceled,131.1579319916758
2017-03,335886.2099999984,2382,delivered|items|excl|ex_canceled,delivered,items,excl,n/a,ex_canceled,141.01016372795902
2017-01,33599.1200000001,283,delivered|items|excl|ex_canceled,delivered,items,excl,n/a,ex_canceled,118.72480565371059
2016-10,29874.440000000086,205,delivered|items|excl|ex_canceled,delivered,items,excl,n/a,ex_canceled,145.7289756097565
2016-11,9837.679999999995,58,delivered|items|excl|ex_canceled,delivered,items,excl,n/a,ex_canceled,169.615172413793
2016-12,758.86,4,delivered|items|excl|ex_canceled,delivered,items,excl,n/a,ex_canceled,189.715
2017-11,651457.5200000119,4670,delivered|items|excl|ex_canceled,delivered,items,excl,n/a,ex_canceled,139.49839828694044
2017-09,580268.360000011,3965,delivered|items|excl|ex_canceled,delivered,items,excl,n/a,ex_canceled,146.3476317780608
2018-02,749970.5600000222,5850,delivered|items|excl|ex_canceled,delivered,items,excl,n/a,ex_canceled,128.2000957264995
2017-08,535529.9300000075,4302,delivered|items|excl|ex_canceled,delivered,items,excl,n/a,ex_canceled,124.48394467689621
2017-07,455000.9900000046,3455,delivered|items|excl|ex_canceled,delivered,items,excl,n/a,ex_canceled,131.6934848046323
2017-10,657565.2700000126,4494,delivered|items|excl|ex_canceled,delivered,items,excl,n/a,ex_canceled,146.32070983533882
2017-06,430779.580000004,3223,delivered|items|excl|ex_canceled,delivered,items,excl,n/a,ex_canceled,133.65795221843126
2017-05,520141.4500000065,3751,delivered|items|excl|ex_canceled,delivered,items,excl,n/a,ex_canceled,138.66740869101744
2018-09,11469.039999999995,56,delivered|items|excl|ex_canceled,delivered,items,excl,n/a,ex_canceled,204.80428571428564
2018-10,275.4,3,delivered|items|excl|ex_canceled,delivered,items,excl,n/a,ex_canceled,91.8
2018-06,1171086.6699999906,6829,delivered|payments|incl|ex_canceled,delivered,payments,n/a,incl,ex_canceled,171.48728510762786
2017-02,228152.24999999974,1351,delivered|payments|incl|ex_canceled,delivered,payments,n/a,incl,ex_canceled,168.87657290895615
2018-07,948000.6399999978,5839,delivered|payments|incl|ex_canceled,delivered,payments,n/a,incl,ex_canceled,162.35667751327244
2018-05,1170501.1399999964,7111,delivered|payments|incl|ex_canceled,delivered,payments,n/a,incl,ex_canceled,164.60429475460504
2018-03,1043754.6099999993,6824,delivered|payments|incl|ex_canceled,delivered,payments,n/a,incl,ex_canceled,152.95348915592018
2018-01,993588.7400000021,6597,delivered|payments|incl|ex_canceled,delivered,payments,n/a,incl,ex_canceled,150.61220857965773
2018-04,1300791.6699999885,7850,delivered|payments|incl|ex_canceled,delivered,payments,n/a,incl,ex_canceled,165.70594522292848
2018-08,1347216.730000003,8314,delivered|payments|incl|ex_canceled,delivered,payments,n/a,incl,ex_canceled,162.04194491219667
2017-04,307722.83999999985,1849,delivered|payments|incl|ex_canceled,delivered,payments,n/a,incl,ex_canceled,166.42663061114106
2017-12,1102232.6200000027,7205,delivered|payments|incl|ex_canceled,delivered,payments,n/a,incl,ex_canceled,152.98162664816138
2017-03,387275.31999999966,2382,delivered|payments|incl|ex_canceled,delivered,payments,n/a,incl,ex_canceled,162.58409739714511
2017-01,38708.62999999998,283,delivered|payments|incl|ex_canceled,delivered,payments,n/a,incl,ex_canceled,136.77961130742042
2016-10,34438.409999999996,205,delivered|payments|incl|ex_canceled,delivered,payments,n/a,incl,ex_canceled,167.99224390243901
2016-11,11187.069999999998,58,delivered|payments|incl|ex_canceled,delivered,payments,n/a,incl,ex_canceled,192.88051724137927
2016-12,960.85,4,delivered|payments|incl|ex_canceled,delivered,payments,n/a,incl,ex_canceled,240.2125
2017-11,754862.9599999982,4670,delivered|payments|incl|ex_canceled,delivered,payments,n/a,incl,ex_canceled,161.64089079229083
2017-09,670205.7700000005,3965,delivered|payments|incl|ex_canceled,delivered,payments,n/a,incl,ex_canceled,169.03045901639356
2018-02,875514.1899999996,5850,delivered|payments|incl|ex_canceled,delivered,payments,n/a,incl,ex_canceled,149.66054529914524
2017-08,627367.1900000024,4302,delivered|payments|incl|ex_canceled,delivered,payments,n/a,incl,ex_canceled,145.83151789865235
2017-07,531271.7100000023,3455,delivered|payments|incl|ex_canceled,delivered,payments,n/a,incl,ex_canceled,153.76894645441456
2017-10,759903.9800000003,4494,delivered|payments|incl|ex_canceled,delivered,payments,n/a,incl,ex_canceled,169.0930084557188
2017-06,502197.97000000346,3223,delivered|payments|incl|ex_canceled,delivered,payments,n/a,incl,ex_canceled,155.81693143034548
2017-05,600917.7600000028,3751,delivered|payments|incl|ex_canceled,delivered,payments,n/a,incl,ex_canceled,160.20201546254407
2018-09,12875.18,56,delivered|payments|incl|ex_canceled,delivered,payments,n/a,incl,ex_canceled,229.91392857142858
2018-10,347.95,3,delivered|payments|incl|ex_canceled,delivered,payments,n/a,incl,ex_canceled,115.98333333333333
2017-11,737967.0899999989,4670,delivered|payments|excl|ex_canceled,delivered,payments,n/a,excl,ex_canceled,158.02293147751584
2017-09,653623.5400000007,3965,delivered|payments|excl|ex_canceled,delivered,payments,n/a,excl,ex_canceled,164.84830769230788
2018-02,851023.9300000002,5850,delivered|payments|excl|ex_canceled,delivered,payments,n/a,excl,ex_canceled,145.4741760683761
2017-08,610327.7700000022,4302,delivered|payments|excl|ex_canceled,delivered,payments,n/a,excl,ex_canceled,141.87070432357095
2017-07,515992.56000000203,3455,delivered|payments|excl|ex_canceled,delivered,payments,n/a,excl,ex_canceled,149.3466164978298
2017-10,742369.190000001,4494,delivered|payments|excl|ex_canceled,delivered,payments,n/a,excl,ex_canceled,165.1911860258124
2017-06,488669.4500000034,3223,delivered|payments|excl|ex_canceled,delivered,payments,n/a,excl,ex_canceled,151.619438411419
2017-05,585762.6400000026,3751,delivered|payments|excl|ex_canceled,delivered,payments,n/a,excl,ex_canceled,156.16172753932352
2018-09,12875.18,56,delivered|payments|excl|ex_canceled,delivered,payments,n/a,excl,ex_canceled,229.91392857142858
2018-10,347.95,3,delivered|payments|excl|ex_canceled,delivered,payments,n/a,excl,ex_canceled,115.98333333333333
2018-06,1149610.259999992,6829,delivered|payments|excl|ex_canceled,delivered,payments,n/a,excl,ex_canceled,168.34240152291582
2017-02,222961.69999999972,1351,delivered|payments|excl|ex_canceled,delivered,payments,n/a,excl,ex_canceled,165.03456698741653
2018-07,925116.9599999979,5839,delivered|payments|excl|ex_canceled,delivered,payments,n/a,excl,ex_canceled,158.4375680767251
2018-05,1148480.489999997,7111,delivered|payments|excl|ex_canceled,delivered,payments,n/a,excl,ex_canceled,161.5075924623818
2018-03,1023512.6799999992,6824,delivered|payments|excl|ex_canceled,delivered,payments,n/a,excl,ex_canceled,149.9872039859319
2018-01,966707.5000000024,6597,delivered|payments|excl|ex_canceled,delivered,payments,n/a,excl,ex_canceled,146.5374412611797
2018-04,1272597.2999999898,7850,delivered|payments|excl|ex_canceled,delivered,payments,n/a,excl,ex_canceled,162.1143057324828
2018-08,1323721.5600000026,8314,delivered|payments|excl|ex_canceled,delivered,payments,n/a,excl,ex_canceled,159.2159682463318
2017-04,299341.18999999965,1849,delivered|payments|excl|ex_canceled,delivered,payments,n/a,excl,ex_canceled,161.8935586803676
2017-12,1085491.930000001,7205,delivered|payments|excl|ex_canceled,delivered,payments,n/a,excl,ex_canceled,150.65814434420557
2017-03,378312.0399999995,2382,delivered|payments|excl|ex_canceled,delivered,payments,n/a,excl,ex_canceled,158.82117548278737
2017-01,37388.94999999999,283,delivered|payments|excl|ex_canceled,delivered,payments,n/a,excl,ex_canceled,132.1164310954063
2016-10,34185.899999999994,205,delivered|payments|excl|ex_canceled,delivered,payments,n/a,excl,ex_canceled,166.760487804878
2016-11,10721.05,58,delivered|payments|excl|ex_canceled,delivered,payments,n/a,excl,ex_canceled,184.8456896551724
2016-12,960.85,4,delivered|payments|excl|ex_canceled,delivered,payments,n/a,excl,ex_canceled,240.2125
2018-06,1171634.0099999902,6829,delivered|items|incl|ex_canceled_unavail,delivered,items,incl,n/a,ex_canceled_unavail,171.5674344706385
2017-02,228077.4099999997,1351,delivered|items|incl|ex_canceled_unavail,delivered,items,incl,n/a,ex_canceled_unavail,168.82117690599534
2018-07,947873.6299999977,5839,delivered|items|incl|ex_canceled_unavail,delivered,items,incl,n/a,ex_canceled_unavail,162.33492550094155
2018-05,1170826.6799999964,7111,delivered|items|incl|ex_canceled_unavail,delivered,items,incl,n/a,ex_canceled_unavail,164.65007453241407
2018-03,1043984.0099999992,6824,delivered|items|incl|ex_canceled_unavail,delivered,items,incl,n/a,ex_canceled_unavail,152.98710580304794
2018-01,993541.4200000019,6597,delivered|items|incl|ex_canceled_unavail,delivered,items,incl,n/a,ex_canceled_unavail,150.6050356222528
2018-04,1300846.0199999881,7850,delivered|items|incl|ex_canceled_unavail,delivered,items,incl,n/a,ex_canceled_unavail,165.7128687898074
2018-08,1347360.600000003,8314,delivered|items|incl|ex_canceled_unavail,delivered,items,incl,n/a,ex_canceled_unavail,162.05924945874463
2017-04,307684.27999999985,1849,delivered|items|incl|ex_canceled_unavail,delivered,items,incl,n/a,ex_canceled_unavail,166.4057760951865
2017-12,1103411.3600000034,7205,delivered|items|incl|ex_canceled_unavail,delivered,items,incl,n/a,ex_canceled_unavail,153.14522692574647
2017-03,387208.4399999997,2382,delivered|items|incl|ex_canceled_unavail,delivered,items,incl,n/a,ex_canceled_unavail,162.55602015113337
2017-01,38697.019999999975,283,delivered|items|incl|ex_canceled_unavail,delivered,items,incl,n/a,ex_canceled_unavail,136.73858657243807
2016-10,34310.74,205,delivered|items|incl|ex_canceled_unavail,delivered,items,incl,n/a,ex_canceled_unavail,167.36946341463414
2016-11,11382.149999999998,58,delivered|items|incl|ex_canceled_unavail,delivered,items,incl,n/a,ex_canceled_unavail,196.24396551724135
2016-12,960.85,4,delivered|items|incl|ex_canceled_unavail,delivered,items,incl,n/a,ex_canceled_unavail,240.2125
2017-11,755551.3499999983,4670,delivered|items|incl|ex_canceled_unavail,delivered,items,incl,n/a,ex_canceled_unavail,161.78829764453926
2017-09,670118.3600000005,3965,delivered|items|incl|ex_canceled_unavail,delivered,items,incl,n/a,ex_canceled_unavail,169.00841361916784
2018-02,875446.0099999998,5850,delivered|items|incl|ex_canceled_unavail,delivered,items,incl,n/a,ex_canceled_unavail,149.64889059829056
2017-08,627308.6200000023,4302,delivered|items|incl|ex_canceled_unavail,delivered,items,incl,n/a,ex_canceled_unavail,145.81790330079087
2017-07,531115.5800000024,3455,delivered|items|incl|ex_canceled_unavail,delivered,items,incl,n/a,ex_canceled_unavail,153.7237568740962
2017-10,759839.3500000004,4494,delivered|items|incl|ex_canceled_unavail,delivered,items,incl,n/a,ex_canceled_unavail,169.07862705830004
2017-06,502044.5500000035,3223,delivered|items|incl|ex_canceled_unavail,delivered,items,incl,n/a,ex_canceled_unavail,155.76932981694182
2017-05,600639.1600000027,3751,delivered|items|incl|ex_canceled_unavail,delivered,items,incl,n/a,ex_canceled_unavail,160.1277419354846
2018-09,12875.18,56,delivered|items|incl|ex_canceled_unavail,delivered,items,incl,n/a,ex_canceled_unavail,229.91392857142858
2018-10,347.95,3,delivered|items|incl|ex_canceled_unavail,delivered,items,incl,n/a,ex_canceled_unavail,115.98333333333333
2018-06,1003232.4400000237,6829,delivered|items|excl|ex_canceled_unavail,delivered,items,excl,n/a,ex_canceled_unavail,146.9076643725324
2017-02,198909.2899999979,1351,delivered|items|excl|ex_canceled_unavail,delivered,items,excl,n/a,ex_canceled_unavail,147.23115470022051
2018-07,796428.8500000181,5839,delivered|items|excl|ex_canceled_unavail,delivered,items,excl,n/a,ex_canceled_unavail,136.39815893132698
2018-05,1008601.5600000254,7111,delivered|items|excl|ex_canceled_unavail,delivered,items,excl,n/a,ex_canceled_unavail,141.8368105751688
2018-03,892100.1100000254,6824,delivered|items|excl|ex_canceled_unavail,delivered,items,excl,n/a,ex_canceled_unavail,130.7297933763226
2018-01,851118.1200000233,6597,delivered|items|excl|ex_canceled_unavail,delivered,items,excl,n/a,ex_canceled_unavail,129.01593451569246
2018-04,1111972.4800000158,7850,delivered|items|excl|ex_canceled_unavail,delivered,items,excl,n/a,ex_canceled_unavail,141.65254522293196
2018-08,1141791.540000007,8314,delivered|items|excl|ex_canceled_unavail,delivered,items,excl,n/a,ex_canceled_unavail,137.33359874909874
2017-04,268687.2299999962,1849,delivered|items|excl|ex_canceled_unavail,delivered,items,excl,n/a,ex_canceled_unavail,145.314889129257
2017-12,944992.9000000241,7205,delivered|items|excl|ex_canceled_unavail,delivered,items,excl,n/a,ex_canceled_unavail,131.1579319916758
2017-03,335886.2099999984,2382,delivered|items|excl|ex_canceled_unavail,delivered,items,excl,n/a,ex_canceled_unavail,141.01016372795902
2017-01,33599.1200000001,283,delivered|items|excl|ex_canceled_unavail,delivered,items,excl,n/a,ex_canceled_unavail,118.72480565371059
2016-10,29874.440000000086,205,delivered|items|excl|ex_canceled_unavail,delivered,items,excl,n/a,ex_canceled_unavail,145.7289756097565
2016-11,9837.679999999995,58,delivered|items|excl|ex_canceled_unavail,delivered,items,excl,n/a,ex_canceled_unavail,169.615172413793
2016-12,758.86,4,delivered|items|excl|ex_canceled_unavail,delivered,items,excl,n/a,ex_canceled_unavail,189.715
2017-11,651457.5200000119,4670,delivered|items|excl|ex_canceled_unavail,delivered,items,excl,n/a,ex_canceled_unavail,139.49839828694044
2017-09,580268.360000011,3965,delivered|items|excl|ex_canceled_unavail,delivered,items,excl,n/a,ex_canceled_unavail,146.3476317780608
2018-02,749970.5600000222,5850,delivered|items|excl|ex_canceled_unavail,delivered,items,excl,n/a,ex_canceled_unavail,128.2000957264995
2017-08,535529.9300000075,4302,delivered|items|excl|ex_canceled_unavail,delivered,items,excl,n/a,ex_canceled_unavail,124.48394467689621
2017-07,455000.9900000046,3455,delivered|items|excl|ex_canceled_unavail,delivered,items,excl,n/a,ex_canceled_unavail,131.6934848046323
2017-10,657565.2700000126,4494,delivered|items|excl|ex_canceled_unavail,delivered,items,excl,n/a,ex_canceled_unavail,146.32070983533882
2017-06,430779.580000004,3223,delivered|items|excl|ex_canceled_unavail,delivered,items,excl,n/a,ex_canceled_unavail,133.65795221843126
2017-05,520141.4500000065,3751,delivered|items|excl|ex_canceled_unavail,delivered,items,excl,n/a,ex_canceled_unavail,138.66740869101744
2018-09,11469.039999999995,56,delivered|items|excl|ex_canceled_unavail,delivered,items,excl,n/a,ex_canceled_unavail,204.80428571428564
2018-10,275.4,3,delivered|items|excl|ex_canceled_unavail,delivered,items,excl,n/a,ex_canceled_unavail,91.8
2018-06,1171086.6699999906,6829,delivered|payments|incl|ex_canceled_unavail,delivered,payments,n/a,incl,ex_canceled_unavail,171.48728510762786
2017-02,228152.24999999974,1351,delivered|payments|incl|ex_canceled_unavail,delivered,payments,n/a,incl,ex_canceled_unavail,168.87657290895615
2018-07,948000.6399999978,5839,delivered|payments|incl|ex_canceled_unavail,delivered,payments,n/a,incl,ex_canceled_unavail,162.35667751327244
2018-05,1170501.1399999964,7111,delivered|payments|incl|ex_canceled_unavail,delivered,payments,n/a,incl,ex_canceled_unavail,164.60429475460504
2018-03,1043754.6099999993,6824,delivered|payments|incl|ex_canceled_unavail,delivered,payments,n/a,incl,ex_canceled_unavail,152.95348915592018
2018-01,993588.7400000021,6597,delivered|payments|incl|ex_canceled_unavail,delivered,payments,n/a,incl,ex_canceled_unavail,150.61220857965773
2018-04,1300791.6699999885,7850,delivered|payments|incl|ex_canceled_unavail,delivered,payments,n/a,incl,ex_canceled_unavail,165.70594522292848
2018-08,1347216.730000003,8314,delivered|payments|incl|ex_canceled_unavail,delivered,payments,n/a,incl,ex_canceled_unavail,162.04194491219667
2017-04,307722.83999999985,1849,delivered|payments|incl|ex_canceled_unavail,delivered,payments,n/a,incl,ex_canceled_unavail,166.42663061114106
2017-12,1102232.6200000027,7205,delivered|payments|incl|ex_canceled_unavail,delivered,payments,n/a,incl,ex_canceled_unavail,152.98162664816138
2017-03,387275.31999999966,2382,delivered|payments|incl|ex_canceled_unavail,delivered,payments,n/a,incl,ex_canceled_unavail,162.58409739714511
2017-01,38708.62999999998,283,delivered|payments|incl|ex_canceled_unavail,delivered,payments,n/a,incl,ex_canceled_unavail,136.77961130742042
2016-10,34438.409999999996,205,delivered|payments|incl|ex_canceled_unavail,delivered,payments,n/a,incl,ex_canceled_unavail,167.99224390243901
2016-11,11187.069999999998,58,delivered|payments|incl|ex_canceled_unavail,delivered,payments,n/a,incl,ex_canceled_unavail,192.88051724137927
2016-12,960.85,4,delivered|payments|incl|ex_canceled_unavail,delivered,payments,n/a,incl,ex_canceled_unavail,240.2125
2017-11,754862.9599999982,4670,delivered|payments|incl|ex_canceled_unavail,delivered,payments,n/a,incl,ex_canceled_unavail,161.64089079229083
2017-09,670205.7700000005,3965,delivered|payments|incl|ex_canceled_unavail,delivered,payments,n/a,incl,ex_canceled_unavail,169.03045901639356
2018-02,875514.1899999996,5850,delivered|payments|incl|ex_canceled_unavail,delivered,payments,n/a,incl,ex_canceled_unavail,149.66054529914524
2017-08,627367.1900000024,4302,delivered|payments|incl|ex_canceled_unavail,delivered,payments,n/a,incl,ex_canceled_unavail,145.83151789865235
2017-07,531271.7100000023,3455,delivered|payments|incl|ex_canceled_unavail,delivered,payments,n/a,incl,ex_canceled_unavail,153.76894645441456
2017-10,759903.9800000003,4494,delivered|payments|incl|ex_canceled_unavail,delivered,payments,n/a,incl,ex_canceled_unavail,169.0930084557188
2017-06,502197.97000000346,3223,delivered|payments|incl|ex_canceled_unavail,delivered,payments,n/a,incl,ex_canceled_unavail,155.81693143034548
2017-05,600917.7600000028,3751,delivered|payments|incl|ex_canceled_unavail,delivered,payments,n/a,incl,ex_canceled_unavail,160.20201546254407
2018-09,12875.18,56,delivered|payments|incl|ex_canceled_unavail,delivered,payments,n/a,incl,ex_canceled_unavail,229.91392857142858
2018-10,347.95,3,delivered|payments|incl|ex_canceled_unavail,delivered,payments,n/a,incl,ex_canceled_unavail,115.98333333333333
2018-06,1149610.259999992,6829,delivered|payments|excl|ex_canceled_unavail,delivered,payments,n/a,excl,ex_canceled_unavail,168.34240152291582
2017-02,222961.69999999972,1351,delivered|payments|excl|ex_canceled_unavail,delivered,payments,n/a,excl,ex_canceled_unavail,165.03456698741653
2018-07,925116.9599999979,5839,delivered|payments|excl|ex_canceled_unavail,delivered,payments,n/a,excl,ex_canceled_unavail,158.4375680767251
2018-05,1148480.489999997,7111,delivered|payments|excl|ex_canceled_unavail,delivered,payments,n/a,excl,ex_canceled_unavail,161.5075924623818
2018-03,1023512.6799999992,6824,delivered|payments|excl|ex_canceled_unavail,delivered,payments,n/a,excl,ex_canceled_unavail,149.9872039859319
2018-01,966707.5000000024,6597,delivered|payments|excl|ex_canceled_unavail,delivered,payments,n/a,excl,ex_canceled_unavail,146.5374412611797
2018-04,1272597.2999999898,7850,delivered|payments|excl|ex_canceled_unavail,delivered,payments,n/a,excl,ex_canceled_unavail,162.1143057324828
2018-08,1323721.5600000026,8314,delivered|payments|excl|ex_canceled_unavail,delivered,payments,n/a,excl,ex_canceled_unavail,159.2159682463318
2017-04,299341.18999999965,1849,delivered|payments|excl|ex_canceled_unavail,delivered,payments,n/a,excl,ex_canceled_unavail,161.8935586803676
2017-12,1085491.930000001,7205,delivered|payments|excl|ex_canceled_unavail,delivered,payments,n/a,excl,ex_canceled_unavail,150.65814434420557
2017-03,378312.0399999995,2382,delivered|payments|excl|ex_canceled_unavail,delivered,payments,n/a,excl,ex_canceled_unavail,158.82117548278737
2017-01,37388.94999999999,283,delivered|payments|excl|ex_canceled_unavail,delivered,payments,n/a,excl,ex_canceled_unavail,132.1164310954063
2016-10,34185.899999999994,205,delivered|payments|excl|ex_canceled_unavail,delivered,payments,n/a,excl,ex_canceled_unavail,166.760487804878
2016-11,10721.05,58,delivered|payments|excl|ex_canceled_unavail,delivered,payments,n/a,excl,ex_canceled_unavail,184.8456896551724
2016-12,960.85,4,delivered|payments|excl|ex_canceled_unavail,delivered,payments,n/a,excl,ex_canceled_unavail,240.2125
2017-11,737967.0899999989,4670,delivered|payments|excl|ex_canceled_unavail,delivered,payments,n/a,excl,ex_canceled_unavail,158.02293147751584
2017-09,653623.5400000007,3965,delivered|payments|excl|ex_canceled_unavail,delivered,payments,n/a,excl,ex_canceled_unavail,164.84830769230788
2018-02,851023.9300000002,5850,delivered|payments|excl|ex_canceled_unavail,delivered,payments,n/a,excl,ex_canceled_unavail,145.4741760683761
2017-08,610327.7700000022,4302,delivered|payments|excl|ex_canceled_unavail,delivered,payments,n/a,excl,ex_canceled_unavail,141.87070432357095
2017-07,515992.56000000203,3455,delivered|payments|excl|ex_canceled_unavail,delivered,payments,n/a,excl,ex_canceled_unavail,149.3466164978298
2017-10,742369.190000001,4494,delivered|payments|excl|ex_canceled_unavail,delivered,payments,n/a,excl,ex_canceled_unavail,165.1911860258124
2017-06,488669.4500000034,3223,delivered|payments|excl|ex_canceled_unavail,delivered,payments,n/a,excl,ex_canceled_unavail,151.619438411419
2017-05,585762.6400000026,3751,delivered|payments|excl|ex_canceled_unavail,delivered,payments,n/a,excl,ex_canceled_unavail,156.16172753932352
2018-09,12875.18,56,delivered|payments|excl|ex_canceled_unavail,delivered,payments,n/a,excl,ex_canceled_unavail,229.91392857142858
2018-10,347.95,3,delivered|payments|excl|ex_canceled_unavail,delivered,payments,n/a,excl,ex_canceled_unavail,115.98333333333333
2018-06,1171634.0099999902,6829,delivered|items|incl|delivered_only,delivered,items,incl,n/a,delivered_only,171.5674344706385
2017-02,228077.4099999997,1351,delivered|items|incl|delivered_only,delivered,items,incl,n/a,delivered_only,168.82117690599534
2018-07,947873.6299999977,5839,delivered|items|incl|delivered_only,delivered,items,incl,n/a,delivered_only,162.33492550094155
2018-05,1170826.6799999964,7111,delivered|items|incl|delivered_only,delivered,items,incl,n/a,delivered_only,164.65007453241407
2018-03,1043984.0099999992,6824,delivered|items|incl|delivered_only,delivered,items,incl,n/a,delivered_only,152.98710580304794
2018-01,993541.4200000019,6597,delivered|items|incl|delivered_only,delivered,items,incl,n/a,delivered_only,150.6050356222528
2018-04,1300846.0199999881,7850,delivered|items|incl|delivered_only,delivered,items,incl,n/a,delivered_only,165.7128687898074
2018-08,1347360.600000003,8314,delivered|items|incl|delivered_only,delivered,items,incl,n/a,delivered_only,162.05924945874463
2017-04,307684.27999999985,1849,delivered|items|incl|delivered_only,delivered,items,incl,n/a,delivered_only,166.4057760951865
2017-12,1103411.3600000034,7205,delivered|items|incl|delivered_only,delivered,items,incl,n/a,delivered_only,153.14522692574647
2017-03,387208.4399999997,2382,delivered|items|incl|delivered_only,delivered,items,incl,n/a,delivered_only,162.55602015113337
2017-01,38697.019999999975,283,delivered|items|incl|delivered_only,delivered,items,incl,n/a,delivered_only,136.73858657243807
2016-10,34310.74,205,delivered|items|incl|delivered_only,delivered,items,incl,n/a,delivered_only,167.36946341463414
2016-11,11382.149999999998,58,delivered|items|incl|delivered_only,delivered,items,incl,n/a,delivered_only,196.24396551724135
2016-12,960.85,4,delivered|items|incl|delivered_only,delivered,items,incl,n/a,delivered_only,240.2125
2017-11,755551.3499999983,4670,delivered|items|incl|delivered_only,delivered,items,incl,n/a,delivered_only,161.78829764453926
2017-09,670118.3600000005,3965,delivered|items|incl|delivered_only,delivered,items,incl,n/a,delivered_only,169.00841361916784
2018-02,875446.0099999998,5850,delivered|items|incl|delivered_only,delivered,items,incl,n/a,delivered_only,149.64889059829056
2017-08,627308.6200000023,4302,delivered|items|incl|delivered_only,delivered,items,incl,n/a,delivered_only,145.81790330079087
2017-07,531115.5800000024,3455,delivered|items|incl|delivered_only,delivered,items,incl,n/a,delivered_only,153.7237568740962
2017-10,759839.3500000004,4494,delivered|items|incl|delivered_only,delivered,items,incl,n/a,delivered_only,169.07862705830004
2017-06,502044.5500000035,3223,delivered|items|incl|delivered_only,delivered,items,incl,n/a,delivered_only,155.76932981694182
2017-05,600639.1600000027,3751,delivered|items|incl|delivered_only,delivered,items,incl,n/a,delivered_only,160.1277419354846
2018-09,12875.18,56,delivered|items|incl|delivered_only,delivered,items,incl,n/a,delivered_only,229.91392857142858
2018-10,347.95,3,delivered|items|incl|delivered_only,delivered,items,incl,n/a,delivered_only,115.98333333333333
2017-11,651457.5200000119,4670,delivered|items|excl|delivered_only,delivered,items,excl,n/a,delivered_only,139.49839828694044
2017-09,580268.360000011,3965,delivered|items|excl|delivered_only,delivered,items,excl,n/a,delivered_only,146.3476317780608
2018-02,749970.5600000222,5850,delivered|items|excl|delivered_only,delivered,items,excl,n/a,delivered_only,128.2000957264995
2017-08,535529.9300000075,4302,delivered|items|excl|delivered_only,delivered,items,excl,n/a,delivered_only,124.48394467689621
2017-07,455000.9900000046,3455,delivered|items|excl|delivered_only,delivered,items,excl,n/a,delivered_only,131.6934848046323
2017-10,657565.2700000126,4494,delivered|items|excl|delivered_only,delivered,items,excl,n/a,delivered_only,146.32070983533882
2017-06,430779.580000004,3223,delivered|items|excl|delivered_only,delivered,items,excl,n/a,delivered_only,133.65795221843126
2017-05,520141.4500000065,3751,delivered|items|excl|delivered_only,delivered,items,excl,n/a,delivered_only,138.66740869101744
2018-09,11469.039999999995,56,delivered|items|excl|delivered_only,delivered,items,excl,n/a,delivered_only,204.80428571428564
2018-10,275.4,3,delivered|items|excl|delivered_only,delivered,items,excl,n/a,delivered_only,91.8
2018-06,1003232.4400000237,6829,delivered|items|excl|delivered_only,delivered,items,excl,n/a,delivered_only,146.9076643725324
2017-02,198909.2899999979,1351,delivered|items|excl|delivered_only,delivered,items,excl,n/a,delivered_only,147.23115470022051
2018-07,796428.8500000181,5839,delivered|items|excl|delivered_only,delivered,items,excl,n/a,delivered_only,136.39815893132698
2018-05,1008601.5600000254,7111,delivered|items|excl|delivered_only,delivered,items,excl,n/a,delivered_only,141.8368105751688
2018-03,892100.1100000254,6824,delivered|items|excl|delivered_only,delivered,items,excl,n/a,delivered_only,130.7297933763226
2018-01,851118.1200000233,6597,delivered|items|excl|delivered_only,delivered,items,excl,n/a,delivered_only,129.01593451569246
2018-04,1111972.4800000158,7850,delivered|items|excl|delivered_only,delivered,items,excl,n/a,delivered_only,141.65254522293196
2018-08,1141791.540000007,8314,delivered|items|excl|delivered_only,delivered,items,excl,n/a,delivered_only,137.33359874909874
2017-04,268687.2299999962,1849,delivered|items|excl|delivered_only,delivered,items,excl,n/a,delivered_only,145.314889129257
2017-12,944992.9000000241,7205,delivered|items|excl|delivered_only,delivered,items,excl,n/a,delivered_only,131.1579319916758
2017-03,335886.2099999984,2382,delivered|items|excl|delivered_only,delivered,items,excl,n/a,delivered_only,141.01016372795902
2017-01,33599.1200000001,283,delivered|items|excl|delivered_only,delivered,items,excl,n/a,delivered_only,118.72480565371059
2016-10,29874.440000000086,205,delivered|items|excl|delivered_only,delivered,items,excl,n/a,delivered_only,145.7289756097565
2016-11,9837.679999999995,58,delivered|items|excl|delivered_only,delivered,items,excl,n/a,delivered_only,169.615172413793
2016-12,758.86,4,delivered|items|excl|delivered_only,delivered,items,excl,n/a,delivered_only,189.715
2018-06,1171086.6699999906,6829,delivered|payments|incl|delivered_only,delivered,payments,n/a,incl,delivered_only,171.48728510762786
2017-02,228152.24999999974,1351,delivered|payments|incl|delivered_only,delivered,payments,n/a,incl,delivered_only,168.87657290895615
2018-07,948000.6399999978,5839,delivered|payments|incl|delivered_only,delivered,payments,n/a,incl,delivered_only,162.35667751327244
2018-05,1170501.1399999964,7111,delivered|payments|incl|delivered_only,delivered,payments,n/a,incl,delivered_only,164.60429475460504
2018-03,1043754.6099999993,6824,delivered|payments|incl|delivered_only,delivered,payments,n/a,incl,delivered_only,152.95348915592018
2018-01,993588.7400000021,6597,delivered|payments|incl|delivered_only,delivered,payments,n/a,incl,delivered_only,150.61220857965773
2018-04,1300791.6699999885,7850,delivered|payments|incl|delivered_only,delivered,payments,n/a,incl,delivered_only,165.70594522292848
2018-08,1347216.730000003,8314,delivered|payments|incl|delivered_only,delivered,payments,n/a,incl,delivered_only,162.04194491219667
2017-04,307722.83999999985,1849,delivered|payments|incl|delivered_only,delivered,payments,n/a,incl,delivered_only,166.42663061114106
2017-12,1102232.6200000027,7205,delivered|payments|incl|delivered_only,delivered,payments,n/a,incl,delivered_only,152.98162664816138
2017-03,387275.31999999966,2382,delivered|payments|incl|delivered_only,delivered,payments,n/a,incl,delivered_only,162.58409739714511
2017-01,38708.62999999998,283,delivered|payments|incl|delivered_only,delivered,payments,n/a,incl,delivered_only,136.77961130742042
2016-10,34438.409999999996,205,delivered|payments|incl|delivered_only,delivered,payments,n/a,incl,delivered_only,167.99224390243901
2016-11,11187.069999999998,58,delivered|payments|incl|delivered_only,delivered,payments,n/a,incl,delivered_only,192.88051724137927
2016-12,960.85,4,delivered|payments|incl|delivered_only,delivered,payments,n/a,incl,delivered_only,240.2125
2017-11,754862.9599999982,4670,delivered|payments|incl|delivered_only,delivered,payments,n/a,incl,delivered_only,161.64089079229083
2017-09,670205.7700000005,3965,delivered|payments|incl|delivered_only,delivered,payments,n/a,incl,delivered_only,169.03045901639356
2018-02,875514.1899999996,5850,delivered|payments|incl|delivered_only,delivered,payments,n/a,incl,delivered_only,149.66054529914524
2017-08,627367.1900000024,4302,delivered|payments|incl|delivered_only,delivered,payments,n/a,incl,delivered_only,145.83151789865235
2017-07,531271.7100000023,3455,delivered|payments|incl|delivered_only,delivered,payments,n/a,incl,delivered_only,153.76894645441456
2017-10,759903.9800000003,4494,delivered|payments|incl|delivered_only,delivered,payments,n/a,incl,delivered_only,169.0930084557188
2017-06,502197.97000000346,3223,delivered|payments|incl|delivered_only,delivered,payments,n/a,incl,delivered_only,155.81693143034548
2017-05,600917.7600000028,3751,delivered|payments|incl|delivered_only,delivered,payments,n/a,incl,delivered_only,160.20201546254407
2018-09,12875.18,56,delivered|payments|incl|delivered_only,delivered,payments,n/a,incl,delivered_only,229.91392857142858
2018-10,347.95,3,delivered|payments|incl|delivered_only,delivered,payments,n/a,incl,delivered_only,115.98333333333333
2018-06,1149610.259999992,6829,delivered|payments|excl|delivered_only,delivered,payments,n/a,excl,delivered_only,168.34240152291582
2017-02,222961.69999999972,1351,delivered|payments|excl|delivered_only,delivered,payments,n/a,excl,delivered_only,165.03456698741653
2018-07,925116.9599999979,5839,delivered|payments|excl|delivered_only,delivered,payments,n/a,excl,delivered_only,158.4375680767251
2018-05,1148480.489999997,7111,delivered|payments|excl|delivered_only,delivered,payments,n/a,excl,delivered_only,161.5075924623818
2018-03,1023512.6799999992,6824,delivered|payments|excl|delivered_only,delivered,payments,n/a,excl,delivered_only,149.9872039859319
2018-01,966707.5000000024,6597,delivered|payments|excl|delivered_only,delivered,payments,n/a,excl,delivered_only,146.5374412611797
2018-04,1272597.2999999898,7850,delivered|payments|excl|delivered_only,delivered,payments,n/a,excl,delivered_only,162.1143057324828
2018-08,1323721.5600000026,8314,delivered|payments|excl|delivered_only,delivered,payments,n/a,excl,delivered_only,159.2159682463318
2017-04,299341.18999999965,1849,delivered|payments|excl|delivered_only,delivered,payments,n/a,excl,delivered_only,161.8935586803676
2017-12,1085491.930000001,7205,delivered|payments|excl|delivered_only,delivered,payments,n/a,excl,delivered_only,150.65814434420557
2017-03,378312.0399999995,2382,delivered|payments|excl|delivered_only,delivered,payments,n/a,excl,delivered_only,158.82117548278737
2017-01,37388.94999999999,283,delivered|payments|excl|delivered_only,delivered,payments,n/a,excl,delivered_only,132.1164310954063
2016-10,34185.899999999994,205,delivered|payments|excl|delivered_only,delivered,payments,n/a,excl,delivered_only,166.760487804878
2016-11,10721.05,58,delivered|payments|excl|delivered_only,delivered,payments,n/a,excl,delivered_only,184.8456896551724
2016-12,960.85,4,delivered|payments|excl|delivered_only,delivered,payments,n/a,excl,delivered_only,240.2125
2017-11,737967.0899999989,4670,delivered|payments|excl|delivered_only,delivered,payments,n/a,excl,delivered_only,158.02293147751584
2017-09,653623.5400000007,3965,delivered|payments|excl|delivered_only,delivered,payments,n/a,excl,delivered_only,164.84830769230788
2018-02,851023.9300000002,5850,delivered|payments|excl|delivered_only,delivered,payments,n/a,excl,delivered_only,145.4741760683761
2017-08,610327.7700000022,4302,delivered|payments|excl|delivered_only,delivered,payments,n/a,excl,delivered_only,141.87070432357095
2017-07,515992.56000000203,3455,delivered|payments|excl|delivered_only,delivered,payments,n/a,excl,delivered_only,149.3466164978298
2017-10,742369.190000001,4494,delivered|payments|excl|delivered_only,delivered,payments,n/a,excl,delivered_only,165.1911860258124
2017-06,488669.4500000034,3223,delivered|payments|excl|delivered_only,delivered,payments,n/a,excl,delivered_only,151.619438411419
2017-05,585762.6400000026,3751,delivered|payments|excl|delivered_only,delivered,payments,n/a,excl,delivered_only,156.16172753932352
2018-09,12875.18,56,delivered|payments|excl|delivered_only,delivered,payments,n/a,excl,delivered_only,229.91392857142858
2018-10,347.95,3,delivered|payments|excl|delivered_only,delivered,payments,n/a,excl,delivered_only,115.98333333333333
